ID,Player,Position,Team,Age,Salary,Contract,FPts,FP/G
*02z0s*,Aaron Judge,"LF,CF,RF",CHC,33,61,1st,195,5.74
*03pir*,Kyle Tucker,RF,NYM,28,48,2026,182,5.2
*05ajh*,Garrett Crochet,SP,NYY,25,11,2029,173,21.62
*041pz*,Pete Alonso,1B,HOU,30,38,2025,168,4.8
*05r8n*,Yoshinobu Yamamoto,SP,TOR,26,32,1st,162.5,23.21
*04y4e*,Corbin Carroll,"CF,RF",ARI,24,14,2028,160,4.71
*03dc4*,Freddy Peralta,SP,LAD,28,13,2026,159.67,19.96
*051wv*,Pete Crow-Armstrong,CF,COL,23,6,2029,159,4.54
*02yc4*,Shohei Ohtani,UT,ATH,30,36,2026,158,4.94
*05144*,Hunter Brown,SP,PIT,26,7,2027,156,22.29
*04cd5*,MacKenzie Gore,SP,LAA,26,19,2025,156,19.5
*02w7p*,Alex Bregman,3B,SF,31,34,1st,154,4.4
*03cag*,Kyle Schwarber,LF,MIN,32,36,2025,152,4.47
*01ut7*,Nathan Eovaldi,SP,DET,35,21,1st,150.83,21.55
*04aea*,Hunter Greene,SP,WAS,25,8,2028,149.83,21.4
*03dbm*,Logan Webb,SP,WAS,28,35,1st,149.67,18.71
*05udp*,Elly De La Cruz,SS,ATH,23,7,2035,149,4.26
*02i2j*,Max Fried,SP,COL,31,28,1st,148.33,21.19
*04my4*,Cal Raleigh,C,MIL,28,9,2025,148,4.48
*03zlh*,Oneil Cruz,"SS,CF",TEX,26,11,2027,147,4.59
*05rat*,James Wood,LF,CWS,22,3,2040,147,4.2
*04pbq*,Geraldo Perdomo,SS,KC,25,11,1st,147,4.32
*03zbh*,Fernando Tatis Jr.,RF,CWS,26,40,1st,145,4.53
*01sb3*,Zack Wheeler,SP,TEX,34,34,2026,145,20.71
*041r1*,Jesus Luzardo,SP,PHI,27,18,1st,144.83,20.69
*04yk2*,Spencer Torkelson,1B,TB,25,29,2025,144,4.11
*02xic*,Teoscar Hernandez,"LF,RF",KC,32,26,1st,141,4.41
*04lgp*,Bobby Witt Jr.,SS,WAS,24,26,2028,139,3.97
*04ptt*,Tarik Skubal,SP,NYY,28,24,2026,138.83,19.83
*04pst*,Jarren Duran,"LF,CF",BOS,28,9,2025,137,3.91
*04b02*,Seiya Suzuki,RF,ATL,30,27,1st,135,4.35
*041wv*,Michael King,SP,PHI,29,6,2025,133.83,19.12
*04ps7*,Joe Ryan,SP,ATL,28,31,1st,133.5,19.07
*05wru*,Paul Skenes,SP,DET,22,5,2040,133.33,19.05
*05gtn*,Tyler Soderstrom,"1B,LF",CWS,23,7,2035,133,3.8
*05ge9*,Shota Imanaga,SP,CHC,31,25,1st,132.83,16.6
*030uc*,Rafael Devers,3B,LAD,28,48,2026,132,3.67
*0312g*,Tyler Mahle,SP,LAA,30,14,2025,131.83,18.83
*02c2r*,Carlos Rodon,SP,HOU,32,25,1st,131.5,18.79
*04pt2*,Lars Nootbaar,"LF,CF,RF",TB,27,9,2027,130,3.82
*01fh9*,Bryce Harper,1B,BOS,32,40,2025,129,3.79
*060x1*,Wilyer Abreu,"LF,RF",NYM,25,5,2027,129,3.79
*04pmb*,Kris Bubic,"SP,RP",MIL,27,12,2026,129,18.43
*05y62*,Bryan Woo,SP,PIT,25,7,2035,127.17,21.19
*02611*,Francisco Lindor,SS,LAD,31,38,2025,126,3.71
*05m49*,Jung Hoo Lee,CF,BAL,26,17,1st,126,3.71
*03ynj*,Juan Soto,"LF,RF",ARI,26,51,1st,125,3.57
*04b00*,Brice Turang,2B,BAL,25,5,2027,125,3.68
*03qr0*,Cedric Mullins,CF,WAS,30,10,2026,125,4.03
*02i2k*,Byron Buxton,CF,KC,31,17,2025,125,3.91
*04ywk*,Tylor Megill,SP,HOU,29,13,1st,124.5,17.79
*05m1e*,Jackson Chourio,"LF,CF,RF",DET,21,3,2040,124,3.65
*03nmw*,Ian Happ,LF,STL,30,23,2025,124,3.54
*040b5*,Randy Arozarena,"LF,CF",NYM,30,19,1st,124,3.88
*047l7*,Luis Robert Jr.,CF,CIN,27,50,2026,124,3.88
*03pjd*,Josh Naylor,1B,NYY,27,33,1st,123,3.73
*03d6s*,Matt Chapman,3B,CLE,32,24,1st,122,3.49
*02hjp*,Jacob deGrom,SP,STL,36,12,2026,121.5,17.36
*025j1*,Robbie Ray,SP,WAS,33,16,2026,120.67,17.24
*0316j*,Nick Pivetta,SP,PIT,32,23,1st,120.17,20.03
*04e2u*,Brent Rooker,"LF,RF",ATH,30,5,2025,120,3.43
*04a2t*,Kodai Senga,SP,CWS,32,24,2026,119.83,19.97
*04fhb*,Julio Rodriguez,CF,MIL,24,36,2028,119,3.61
*02btf*,Mookie Betts,"2B,SS,RF",SD,32,49,1st,119,3.84
*04y97*,Kyle Stowers,"LF,CF,RF",TB,27,3,2026,119,3.84
*05r01*,Robert Suarez,RP,KC,34,8,2026,118.5,7.9
*01svq*,Manny Machado,3B,STL,32,30,1st,118,3.58
*04pr1*,Steven Kwan,LF,WAS,27,7,2028,118,3.47
*0403o*,Andres Munoz,RP,KC,26,9,2025,118,7.38
*04pse*,Brendan Donovan,"2B,3B,SS,LF",COL,28,7,2025,118,3.58
*04eld*,J.P. Sears,SP,NYM,29,7,2026,118,16.86
*03pom*,Austin Riley,3B,KC,28,18,2026,117,3.55
*02c2h*,Chris Bassitt,SP,PHI,36,17,1st,116.83,16.69
*02jh6*,Eugenio Suarez,3B,NYY,33,20,2025,116,3.41
*03ae8*,Dansby Swanson,SS,BAL,31,25,1st,116,3.31
*03sef*,Seth Lugo,SP,TB,35,23,1st,115.5,16.5
*03d6w*,Jack Flaherty,SP,TOR,29,27,1st,115,16.43
*04nb2*,Riley Greene,"LF,CF,RF",SF,24,18,2025,115,3.38
*04t9b*,Michael Busch,1B,TOR,27,5,2029,115,3.48
*041xv*,Nathaniel Lowe,1B,DET,29,20,1st,114,3.26
*02hi7*,Kevin Gausman,SP,LAA,34,23,1st,113.5,16.21
*041sq*,Tommy Edman,"2B,SS,CF",MIN,29,19,1st,113,3.65
*04y9p*,Anthony Volpe,SS,PHI,24,7,2035,113,3.42
*05g3x*,Maikel Garcia,"2B,3B,SS,CF",PIT,25,7,2027,113,3.32
*05yo5*,Ben Rice,1B,PHI,26,3,2040,113,3.77
*02hj7*,Merrill Kelly,SP,SEA,36,12,2026,112.83,16.12
*01srb*,Jameson Taillon,SP,SEA,33,23,2026,112.83,16.12
*025dn*,Christian Yelich,LF,PIT,33,30,1st,112,3.39
*04px8*,Reese Olson,SP,TB,25,5,2028,111.33,15.9
*01ual*,Paul Goldschmidt,1B,ATH,37,23,1st,111,3.26
*03ab0*,Luis Severino,SP,NYM,31,21,1st,110.33,15.76
*02yd1*,Jorge Polanco,"2B,3B",MIA,31,6,1st,110,4.4
*05tq1*,Spencer Schwellenbach,SP,WAS,24,3,2040,109.67,15.67
*04prt*,Lawrence Butler,RF,PIT,24,5,2029,109,3.3
*04ee8*,Heliot Ramos,"LF,CF,RF",ATL,25,3,2029,109,3.21
*0648z*,Victor Scott,"LF,CF,RF",KC,24,3,2040,109,3.52
*02mv0*,Andrew Heaney,SP,TB,33,25,2025,108.33,15.48
*04n0m*,Logan Gilbert,SP,LAD,28,13,2027,108.17,18.03
*045qo*,Jazz Chisholm Jr.,"2B,3B,CF",STL,27,13,2025,108,3.6
*03atq*,Willy Adames,SS,CLE,29,13,2025,108,3.09
*01cgt*,Wilmer Flores,1B,STL,33,2,1st,108,3.18
*02bx4*,Clay Holmes,"SP,RP",ATH,32,14,2027,107.83,15.4
*01ub6*,Jose Ramirez,3B,NYM,32,41,2026,107,3.34
*02mwm*,Matt Olson,1B,CWS,31,36,1st,107,3.24
*02bqh*,Trevor Story,SS,SEA,32,14,2025,107,3.15
*031dw*,Mike Yastrzemski,"CF,RF",CLE,34,8,1st,107,3.45
*04ppz*,Jake Irvin,SP,COL,28,5,2028,106.83,15.26
*03nuc*,Luis Castillo,SP,PIT,32,29,1st,106.67,15.24
*041ps*,Nick Lodolo,SP,PIT,27,9,2027,106.17,15.17
*04p10*,Bryson Stott,"2B,SS",PHI,27,7,2026,106,3.42
*05rfu*,Kyle Manzardo,1B,PIT,24,3,2040,106,3.42
*0425t*,Bailey Ober,SP,COL,29,29,1st,105.83,15.12
*03fi0*,Ozzie Albies,2B,BOS,28,33,2026,105,3.18
*02c68*,Trea Turner,SS,SEA,31,42,2025,105,3.28
*03yrz*,William Contreras,C,BOS,27,8,2026,105,3.18
*01usi*,Marcell Ozuna,UT,MIA,34,27,1st,105,3.5
*05a2d*,Max Meyer,SP,CWS,26,9,2028,105,15
*03ojr*,Vladimir Guerrero Jr.,"1B,3B",PHI,26,40,2026,104,3.06
*04auj*,Framber Valdez,SP,CHC,31,37,2026,104,14.86
*06f0q*,Kristian Campbell,"2B,SS,CF",ARI,22,1,2050,104,3.47
*04ppj*,Jeremy Pena,SS,DET,27,7,2028,104,3.15
*05t9v*,Jonathan Aranda,"1B,2B",TOR,26,7,2028,104,3.35
*045gu*,TJ Friedl,CF,DET,29,12,1st,104,3.25
*05lg3*,Brandon Pfaadt,SP,CWS,26,7,2035,103.67,14.81
*02mwk*,Jose Berrios,SP,CIN,30,27,2026,103.33,14.76
*02bq2*,Brandon Nimmo,"LF,CF",PHI,32,22,2025,103,3.12
*04b01*,Tomoyuki Sugano,SP,DET,35,6,2050,103,14.71
*06dqb*,Shane Smith,"SP,RP",ARI,25,2,2050,102.67,17.11
*04cwf*,Shane Baz,SP,HOU,25,14,2026,102.5,17.08
*04eek*,Griffin Canning,SP,STL,28,5,2027,102.5,17.08
*051em*,Kerry Carpenter,"LF,RF",STL,27,7,2026,102,3.19
*025he*,George Springer,"CF,RF",SEA,35,14,1st,102,3.29
*05rb1*,Sal Frelick,"LF,CF,RF",NYY,25,7,2035,102,2.91
*02i3o*,Aaron Nola,SP,KC,31,32,1st,102,14.57
*04mlf*,Casey Mize,SP,MIL,28,25,2026,101.33,16.89
*04g1x*,David Peterson,SP,NYM,29,5,2026,101.17,16.86
*043f9*,Pablo Lopez,SP,SF,29,33,1st,101,20.2
*0622t*,Jacob Wilson,SS,WAS,23,4,2040,101,3.06
*0473m*,Zach McKinstry,"2B,3B,SS,LF,RF",CHC,30,5,2026,101,3.16
*04y95*,JJ Bleday,CF,TEX,27,5,2025,101,2.97
*02mxf*,Carson Kelly,C,ATL,30,1,1st,101,5.32
*05y23*,Tanner Bibee,SP,COL,26,5,2029,100.5,14.36
*01cgo*,Freddie Freeman,1B,LAD,35,45,2025,100,4.35
*0260v*,Sonny Gray,SP,STL,35,24,2025,99.17,14.17
*052c8*,Cristopher Sanchez,SP,STL,28,6,2026,99.17,16.53
*041qb*,Bo Bichette,SS,COL,27,23,1st,99,2.91
*03e5m*,Bryan Reynolds,"LF,RF",TB,30,16,2026,99,2.91
*03oh0*,Willson Contreras,"C,1B",KC,32,23,2025,99,2.91
*03m6o*,Yandy Diaz,1B,CIN,33,24,2025,99,2.91
*0310z*,J.P. Crawford,SS,STL,30,11,1st,99,3.09
*04eee*,Drew Rasmussen,"SP,RP",ATL,29,9,2025,98.83,16.47
*02iug*,Michael Wacha,SP,WAS,33,22,1st,98.67,14.1
*026mq*,Tyler Anderson,SP,MIA,35,12,2025,98.33,16.39
*03d6p*,Grant Holmes,"SP,RP",SEA,29,3,2027,98,14
*01s8u*,Mike Trout,"CF,RF",NYY,33,30,2025,98,3.38
*04ru5*,Andy Pages,"LF,CF,RF",PHI,24,3,2040,98,3.16
*041ma*,Cole Ragans,SP,MIL,27,5,2028,97.83,16.31
*041qo*,Zac Gallen,SP,CLE,29,28,1st,97.17,13.88
*05u2v*,Hunter Goodman,"C,1B,LF,RF",PIT,25,7,2035,97,3.03
*05ucd*,Mason Miller,RP,BAL,26,7,2027,96.83,7.45
*03pov*,Brady Singer,SP,BOS,28,20,1st,96.17,16.03
*04n8z*,Xavier Edwards,SS,BAL,25,5,2029,96,2.91
*000dp*,Justin Verlander,SP,ATL,42,14,1st,96,13.71
*03whq*,Ty France,1B,MIN,30,6,1st,96,2.74
*04pr8*,Taj Bradley,SP,WAS,24,7,2035,95.83,13.69
*031d4*,Zack Littell,SP,PHI,29,15,1st,95.5,13.64
*01sy3*,Nolan Arenado,3B,LAA,34,18,1st,95,2.97
*05184*,Vinnie Pasquantino,1B,NYM,27,7,2028,95,2.79
*031bl*,Kyle Finnegan,RP,MIL,33,6,1st,94.83,6.77
*060pm*,Wyatt Langford,"LF,CF",CWS,23,5,2040,94,3.76
*04071*,Isaac Paredes,"1B,3B",BOS,26,19,2025,94,2.94
*01uc9*,Nick Castellanos,RF,BOS,33,29,2026,94,2.76
*025gb*,Xander Bogaerts,"2B,SS",CHC,32,26,1st,94,2.85
*03pzn*,Andres Gimenez,2B,ATL,26,9,1st,94,2.76
*04alq*,Pavin Smith,"1B,LF,RF",TB,29,3,2026,94,3.03
*04nky*,Trevor Larnach,"LF,RF",SD,28,15,1st,94,2.76
*02n4s*,Matthew Boyd,SP,SD,34,3,2026,93.67,15.61
*05rb2*,Jonathan Cannon,SP,MIL,24,4,2040,93.5,13.36
*05jqy*,Mitchell Parker,SP,NYM,25,4,2040,93.17,13.31
*024m0*,Jose Altuve,"2B,LF",PHI,34,27,1st,93,2.91
*03dfa*,Tanner Scott,RP,ATH,30,12,2026,93,5.81
*041ai*,Gavin Lux,"2B,3B,LF",NYM,27,18,2025,93,2.91
*04mlx*,Matthew Liberatore,"SP,RP",MIA,25,7,2025,92.5,15.42
*04pxf*,Davis Martin,SP,MIA,28,3,2029,92.17,13.17
*042sz*,Will Smith,C,HOU,30,28,2025,92,3.41
*05xch*,Junior Caminero,3B,MIN,21,5,2029,92,2.88
*03120*,Cody Bellinger,"1B,LF,CF,RF",HOU,29,20,2026,92,2.97
*01vja*,Max Kepler,"LF,RF",ATL,32,8,1st,92,2.97
*03d7h*,Mitch Keller,SP,TEX,29,22,2025,91.5,13.07
*02c4q*,Nick Martinez,"SP,RP",DET,34,14,2025,91.33,13.05
*04qk8*,CJ Abrams,SS,BOS,24,27,1st,91,4.14
*0512v*,Michael Harris II,CF,ARI,24,7,2028,91,2.76
*03zcy*,Mark Vientos,"1B,3B",LAA,25,7,2025,91,2.84
*04pkr*,Nico Hoerner,"2B,SS",CLE,27,14,2026,91,2.94
*03dgq*,Ryan OHearn,"1B,LF,RF",KC,31,5,2025,91,3.64
*031cy*,Emilio Pagan,RP,CLE,33,1,1st,90.67,5.67
*05yb8*,Chad Patrick,SP,SD,26,1,1st,90.67,12.95
*03ann*,Jeff Hoffman,RP,HOU,32,5,2026,90.17,6.44
*0512m*,Ryan Pepiot,SP,LAD,27,7,2028,90.17,12.88
*03pit*,Trent Grisham,CF,NYM,28,2,1st,90,3.21
*04c0o*,Jose Soriano,SP,SD,26,19,1st,89.5,12.79
*02n96*,Josh Hader,RP,TEX,31,18,2026,89,6.85
*04aq4*,Adolis Garcia,RF,LAD,32,9,2026,89,2.62
*0414g*,Luis Garcia Jr.,2B,LAA,24,12,2027,89,2.87
*05gsi*,Ceddanne Rafaela,"2B,3B,SS,CF",CWS,24,7,2035,89,2.87
*0414h*,Gabriel Arias,"1B,2B,3B,SS,CF",CHC,25,1,1st,89,2.78
*02hir*,Michael Lorenzen,SP,DET,33,8,2025,88.67,12.67
*04o4s*,Shea Langeliers,C,TEX,27,7,2027,88,3.03
*04q56*,Logan OHoppe,C,SF,25,7,2027,88,3.14
*0596e*,Dylan Crews,"CF,RF",ARI,23,5,2040,88,2.75
*02i11*,Jorge Soler,RF,COL,33,16,1st,88,2.75
*01uca*,Chris Sale,SP,PHI,36,29,1st,87.17,12.45
*06ala*,Osvaldo Bido,"SP,RP",CHC,29,3,2026,87.17,12.45
*04emt*,Jake Meyers,CF,MIN,28,7,1st,87,2.72
*05tuw*,Trey Sweeney,SS,MIA,25,3,2040,87,2.56
*04eor*,Cade Smith,RP,STL,25,4,2040,86.33,5.08
*031t0*,Gleyber Torres,2B,ATL,28,17,1st,86,3.91
*052ru*,Josh Smith,"1B,2B,3B,SS,LF,CF",SF,27,4,2026,86,2.97
*04pks*,Matt McLain,"2B,SS",WAS,25,7,2035,85,3.27
*03nri*,Lourdes Gurriel Jr.,LF,LAA,31,14,2025,85,2.74
*02h8d*,Steven Matz,"SP,RP",ATL,33,4,1st,85,9.44
*025it*,Jason Adam,RP,NYY,33,6,1st,84.5,4.69
*05xsq*,Luis Ortiz,"SP,RP",ATH,26,18,1st,84.5,14.08
*03btm*,Jose Alvarado,RP,MIA,29,7,2026,84.5,5.28
*04ml0*,Yusei Kikuchi,SP,CLE,33,24,1st,84.17,12.02
*025i9*,J.T. Realmuto,C,ATH,34,17,2026,84,2.9
*05ahg*,Austin Wells,C,WAS,25,7,2035,84,2.8
*03de9*,Rhys Hoskins,1B,MIA,32,15,1st,84,2.62
*029si*,Eduardo Rodriguez,SP,KC,32,19,2025,84,12
*025kd*,Jose Quintana,SP,BAL,36,13,1st,83.83,16.77
*0311w*,Ben Lively,SP,LAD,33,3,2027,83.67,11.95
*03mnq*,Carlos Estevez,RP,NYM,32,7,1st,83.5,5.96
*02bzn*,Colin Rea,"SP,RP",NYY,34,7,1st,83.33,11.9
*03aac*,Walker Buehler,SP,TOR,30,22,2027,82.83,13.81
*025dq*,Taijuan Walker,"SP,RP",PHI,32,1,1st,82.67,13.78
*03ql8*,Bailey Falter,SP,SEA,28,7,2025,82.67,11.81
*05vy6*,Bryce Miller,SP,DET,26,7,2035,82.33,13.72
*04q2n*,Adley Rutschman,C,LAA,27,30,2025,82,2.65
*03mew*,Luis Arraez,"1B,2B",BAL,28,26,2025,82,3.04
*051b4*,Jordan Beck,"LF,RF",ARI,24,3,2040,82,3.42
*050s0*,Kyren Paris,"2B,CF",PIT,23,3,1st,82,2.73
*04ru7*,Miguel Vargas,"1B,3B,LF",COL,25,7,2025,82,2.48
*03qjv*,Harrison Bader,"LF,CF,RF",CHC,30,2,1st,82,2.56
*05ym7*,Fernando Cruz,"SP,RP",CLE,35,3,1st,81.83,5.46
*03df2*,Dylan Cease,SP,NYY,29,16,2026,81.83,11.69
*050c3*,Jasson Dominguez,"LF,CF",DET,22,24,2035,81,2.89
*041r5*,Dustin May,SP,MIA,27,26,2026,81,13.5
*03qml*,Dylan Moore,"1B,2B,3B,SS,LF,RF",SEA,32,4,2026,81,3.52
*026mn*,Javier Baez,"3B,SS,CF",ATL,32,1,1st,81,2.89
*01cfr*,Carlos Santana,1B,NYM,39,9,2025,81,2.53
*041rd*,Corbin Burnes,SP,TEX,30,40,2026,80.83,13.47
*03d6n*,Erick Fedde,SP,MIA,32,17,2027,80.33,11.48
*0514f*,Hayden Wesneski,"SP,RP",CHC,27,7,2025,79.5,15.9
*03r06*,Ryan Feltner,SP,TOR,28,4,2026,79.17,13.19
*01u75*,Salvador Perez,"C,1B",MIA,34,22,2025,79,2.47
*02w16*,Anthony Santander,"LF,RF",MIN,30,24,2025,79,2.39
*05jp7*,Gavin Williams,SP,KC,25,5,2029,79,11.29
*04y9h*,Kameron Misner,"LF,CF,RF",BAL,27,1,1st,79,2.63
*05jp3*,Logan Allen,SP,TEX,26,5,2026,78.67,13.11
*0513l*,Brenton Doyle,CF,HOU,26,5,2028,78,3.12
*02mw3*,Christian Walker,1B,STL,34,13,2025,78,2.44
*0512e*,Spencer Steer,"1B,2B,LF",PHI,27,7,2025,78,2.79
*05yj1*,Nolan Schanuel,1B,SF,23,14,2025,78,2.44
*04tjl*,Otto Lopez,"2B,3B,SS",MIL,26,3,2026,78,2.6
*01c1g*,Andrew McCutchen,RF,MIL,38,5,2025,78,2.69
*02c5l*,Luke Weaver,RP,PHI,31,6,2025,78,6
*03qo0*,Pete Fairbanks,RP,MIL,31,9,1st,77.17,5.51
*04o2w*,Ben Brown,"SP,RP",STL,25,3,2040,77.17,11.02
*04355*,Yordan Alvarez,LF,SF,27,46,2025,77,2.66
*03rmz*,Keibert Ruiz,C,NYY,26,9,2026,77,2.48
*04eej*,Gavin Sheets,"1B,LF,RF",LAD,29,6,1st,77,2.57
*03qne*,Chris Paddack,SP,CLE,29,5,2025,76.67,10.95
*05yaz*,Will Warren,SP,DET,25,3,2040,75.33,10.76
*050w9*,Gunnar Henderson,SS,PIT,23,7,2028,75,2.88
*04qnd*,Noelvi Marte,3B,CWS,23,13,2035,75,3.95
*03pje*,Taylor Ward,LF,MIL,31,14,2025,75,2.34
*05gwy*,Masyn Winn,SS,LAD,23,5,2029,75,3
*03pji*,KeBryan Hayes,3B,PIT,28,22,2025,75,2.27
*05ybv*,Jackson Holliday,"2B,SS",CWS,21,3,2040,74,2.64
*04nx3*,Jonathan India,"2B,3B,LF",STL,28,9,2027,74,2.31
*03qjy*,Brandon Lowe,"1B,2B",SEA,30,14,2026,74,2.47
*04pbp*,Christopher Morel,"2B,3B,LF",ATH,25,7,2027,74,2.55
*04emu*,Eric Wagaman,"1B,3B,LF",ATL,27,1,1st,74,2.55
*02my5*,Edwin Diaz,RP,TOR,31,18,1st,73.5,5.65
*0518s*,Ryan Gusto,"SP,RP",HOU,26,1,2050,73.33,8.15
*03aoy*,Sean Murphy,C,DET,30,10,1st,73,3.84
*05131*,Tyler Fitzgerald,"2B,SS,LF,CF",STL,27,5,2035,73,2.92
*041qs*,Austin Hays,LF,BAL,29,14,1st,73,5.62
*0310n*,Ryan McMahon,3B,ATL,30,19,1st,73,2.21
*04z6k*,Luisangel Acuna,"2B,SS",WAS,23,3,2040,73,2.43
*05ojj*,Matt Mervis,1B,MIL,27,3,1st,73,2.81
*05xod*,Sean Burke,SP,PHI,25,15,1st,73,10.43
*03djk*,Tanner Houck,SP,CLE,28,20,1st,72.83,10.4
*04q05*,Alex Vesia,RP,CIN,29,8,2025,72.83,4.28
*05gdz*,Roki Sasaki,SP,CWS,23,28,1st,72.67,10.38
*041am*,Lucas Erceg,RP,WAS,30,9,1st,72.17,4.51
*0421k*,Bowden Francis,"SP,RP",SD,29,3,2027,72,10.29
*04pmu*,Ryan Jeffers,C,CHC,27,5,2025,72,2.67
*04ehj*,Dane Myers,"LF,CF,RF",LAA,29,3,2025,72,3
*04k0w*,Camilo Doval,RP,WAS,27,5,1st,71.33,4.2
*03vcw*,Jordan Hicks,"SP,RP",HOU,28,9,2026,71.17,10.17
*04ok3*,Michael Toglia,"1B,RF",ARI,26,4,2027,71,2.15
*031b3*,Isiah Kiner-Falefa,"2B,3B,SS",CLE,30,10,1st,71,2.37
*026lz*,Josh Bell,1B,WAS,32,14,1st,71,2.37
*04pmw*,Alek Thomas,CF,ATH,25,2,1st,71,2.63
*02bu9*,Marcus Semien,2B,SD,34,23,1st,70,2.06
*05jrh*,Colt Keith,"1B,2B",TB,23,3,2040,70,2.19
*031b2*,Jonah Heim,C,MIN,29,6,1st,70,2.59
*05gx4*,Dillon Dingler,C,TEX,26,3,2040,70,2.8
*04q08*,Kyle Leahy,RP,BOS,27,2,1st,69.67,4.35
*05y72*,Landen Roupp,"SP,RP",MIL,26,3,2040,69.5,11.58
*04mlr*,Jeffrey Springs,SP,STL,32,7,2026,69.17,9.88
*04pmp*,Simeon Woods-Richardson,SP,CLE,24,5,2027,69,11.5
*02ccf*,Tommy Kahnle,RP,BAL,35,4,1st,68.33,5.69
*05143*,Hunter Gaddis,RP,BAL,27,3,2025,68.17,4.54
*04eig*,Jose Caballero,"2B,3B,SS,RF",TEX,28,5,2027,68,2.52
*02z0t*,Michael Conforto,LF,ATL,32,13,2026,68,2.19
*03pdw*,Andrew Benintendi,LF,KC,30,3,1st,68,2.83
*041qd*,Jake Fraley,"LF,RF",CIN,29,12,1st,68,2.62
*05itb*,Randy Vasquez,SP,ATL,26,5,2025,67.67,9.67
*02j77*,Chris Martin,RP,SD,38,4,2025,67.33,4.21
*0524l*,Yainer Diaz,"C,1B",SD,26,7,2027,67,2.39
*04mn5*,Alec Bohm,"1B,3B",TOR,28,26,1st,67,2.09
*05jq2*,Andrew Abbott,SP,STL,25,7,2035,67,16.75
*02i3l*,Miguel Andujar,"3B,LF",MIA,30,7,1st,67,2.79
*03df0*,Jose Trevino,C,SEA,32,2,1st,67,2.48
*04ehz*,Jeremiah Estrada,RP,SF,26,4,2028,66.83,3.93
*04ug5*,Emmanuel Clase,RP,STL,27,19,2025,66.67,4.17
*025ey*,Luke Jackson,RP,ATH,33,3,1st,66.5,4.43
*03qlm*,Tyler Ferguson,RP,ATL,31,1,1st,66.17,4.14
*02i2q*,Carlos Correa,SS,SF,30,22,1st,66,1.94
*04mn4*,Joey Bart,C,CIN,28,3,2025,66,2.54
*0316t*,Adam Frazier,"2B,3B,LF,RF",WAS,33,1,1st,66,2.06
*06mi0*,Bryan King,RP,SF,28,1,1st,65.33,3.84
*0512u*,Jack Kochanowicz,SP,ATH,24,5,2040,65.17,9.31
*0311b*,Trevor Williams,SP,HOU,33,5,2025,65.17,9.31
*05rb0*,Jackson Jobe,"SP,RP",CWS,22,3,2040,65,13
*04y44*,Josh Jung,3B,BAL,27,10,2027,65,2.5
*04mrn*,Bo Naylor,C,CHC,25,4,1st,65,2.6
*05y4m*,Tim Tawa,"1B,2B",WAS,26,1,1st,65,3.1
*062z3*,Brooks Baldwin,"2B,SS,LF,CF,RF",SD,24,3,2040,65,2.1
*041qv*,Alex Call,"LF,RF",DET,30,1,1st,65,2.83
*041e2*,Mickey Moniak,"LF,CF,RF",CIN,26,1,1st,65,2.17
*02bwg*,Kyle Hendricks,"SP,RP",SEA,35,6,1st,64.33,10.72
*04ydi*,Ronel Blanco,SP,CHC,31,4,2027,64.17,10.69
*04apj*,Jhoan Duran,RP,MIN,27,7,2026,64.17,4.01
*02mw6*,Corey Seager,SS,ATL,31,47,2026,64,2.78
*04azv*,Jake Burger,"1B,3B",WAS,29,22,1st,64,2.13
*02h9r*,Miles Mikolas,SP,CHC,36,11,1st,64,10.67
*04llv*,Lenyn Sosa,"1B,2B,3B",CHC,25,4,1st,64,1.94
*060ml*,Huascar Brazoban,"SP,RP",LAD,35,1,1st,63.83,4.26
*030vs*,Kirby Yates,RP,ARI,38,4,2025,63.67,3.54
*03dpt*,Reed Garrett,RP,KC,32,2,1st,63.67,4.24
*03aqv*,Raisel Iglesias,RP,SD,35,14,1st,63.5,4.88
*03poq*,Tony Santillan,RP,DET,28,2,1st,63.5,3.97
*066n1*,Justin Sterner,RP,PIT,28,1,1st,63.33,3.96
*02mzg*,Max Muncy,3B,HOU,34,20,1st,63,1.97
*04si2*,Andrew Vaughn,1B,CLE,27,21,2025,63,1.97
*041w3*,Eli White,"LF,CF,RF",NYM,30,4,1st,63,2.52
*01xfr*,Patrick Corbin,SP,SD,35,6,1st,62.83,12.57
*041yb*,Dean Kremer,SP,MIN,29,16,1st,62.83,8.98
*05133*,Andre Pallante,"SP,RP",TB,26,3,2026,62.5,8.93
*02btx*,Tyler Glasnow,SP,TOR,31,30,2025,62,12.4
*05xu5*,Zach Neto,SS,TB,24,5,2029,62,4.13
*05135*,Jake Mangum,"LF,CF,RF",NYY,29,1,1st,62,2.95
*05jp9*,Bryce Elder,SP,SD,25,7,2025,62,10.33
*04tlv*,Bryan Abreu,RP,WAS,28,8,1st,62,4.13
*04enz*,Robert Garcia,RP,HOU,28,4,1st,61.83,3.64
*02z0e*,Yimi Garcia,RP,NYY,34,2,1st,61.83,4.12
*03djb*,Jalen Beeks,RP,NYM,31,1,1st,61.83,3.86
*05nso*,Abner Uribe,RP,SD,24,5,2025,61.83,3.86
*05t64*,Felix Bautista,RP,TB,29,7,2027,60.5,6.05
*05gsc*,Jordan Westburg,"2B,3B",DET,26,7,2035,60,2.61
*060jo*,Cam Smith,"3B,RF",SF,22,3,2050,60,2.5
*05gbf*,Jordan Walker,RF,BAL,22,7,2035,60,2.07
*03pjl*,Ryan Mountcastle,1B,SEA,28,29,2025,60,1.88
*0513c*,Joey Ortiz,"2B,3B,SS",HOU,26,10,2027,60,1.76
*06bs4*,Daniel Schneemann,"2B,3B,SS,LF,CF,RF",CHC,28,2,1st,60,2.4
*042af*,Enmanuel Valdez,"1B,2B",MIA,26,1,1st,60,2.14
*02mx2*,Tyrone Taylor,"LF,CF,RF",COL,31,9,1st,60,2.14
*01as6*,Carlos Carrasco,"SP,RP",COL,38,13,1st,59.5,7.44
*032lk*,Sean Newcomb,"SP,RP",MIN,31,6,1st,59.17,9.86
*01gya*,Aroldis Chapman,RP,CIN,37,7,2025,59.17,4.55
*04pqs*,Jake Bird,RP,MIN,29,1,1st,59.17,4.23
*04de1*,Triston Casas,1B,COL,25,15,2028,59,2.03
*05jr0*,Alec Burleson,"1B,LF,RF",SD,26,19,1st,59,1.9
*041ts*,Luke Raley,"1B,LF,CF,RF",WAS,30,11,2025,59,2.46
*0317q*,Griffin Jax,RP,ARI,30,7,1st,58.83,3.68
*05xop*,Cade Povich,SP,ATH,25,3,2040,58.83,9.81
*01sbv*,Shelby Miller,RP,ATL,34,1,1st,58.83,4.2
*03ca3*,Kyle Freeland,SP,LAA,31,5,1st,58.67,8.38
*05y4k*,Ben Casparius,"SP,RP",SF,26,4,2040,58.33,5.3
*03avk*,Luis Rengifo,"2B,3B",ARI,28,21,1st,58,1.81
*0596f*,Heston Kjerstad,"LF,RF",CLE,26,8,2035,58,1.93
*042no*,Oswaldo Cabrera,"1B,2B,3B,SS",SD,26,7,1st,58,2.07
*048tn*,Carlos Narvaez,C,SF,26,1,1st,58,2.42
*04afl*,Brendon Little,RP,KC,28,1,1st,57.83,3.21
*0374m*,Tyler Rogers,RP,LAA,34,4,2025,57.67,3.39
*01svz*,Kenley Jansen,RP,MIN,37,8,1st,57.17,5.72
*046yd*,Dennis Santana,RP,WAS,29,2,1st,57.17,4.08
*051dl*,Edouard Julien,2B,TOR,26,5,2027,57,1.97
*03o43*,Luis Urias,"2B,3B",CIN,27,11,2026,57,2.48
*02mwg*,Jesse Winker,"LF,RF",LAA,31,8,2025,57,2.38
*03qo2*,LaMonte Wade Jr.,"1B,RF",LAA,31,13,2025,57,1.84
*04w4e*,Johan Rojas,CF,TOR,24,5,2026,57,2.38
*066n3*,Ryan Walker,RP,PIT,29,3,2026,56.83,4.37
*043ia*,Adrian Morejon,RP,CWS,26,1,1st,56.67,3.33
*03qwa*,Phil Maton,RP,ATH,32,1,1st,56.5,3.53
*062ob*,Jose Ferrer,RP,ATL,25,2,1st,56.33,3.13
*02zoa*,Antonio Senzatela,SP,STL,30,3,1st,56.17,8.02
*04t3y*,Alejandro Kirk,C,DET,26,10,1st,56,2.15
*05yaf*,Jacob Young,CF,SD,25,3,2025,56,1.87
*03pzo*,Leody Taveras,CF,MIA,26,14,2026,56,1.87
*04efs*,Nick Allen,"3B,SS",SEA,26,2,1st,56,2.15
*032gq*,Rowdy Tellez,1B,BAL,30,4,1st,56,2.15
*03xs3*,Miguel Amaya,C,BAL,26,3,1st,55,2.89
*02h98*,Enrique Hernandez,"1B,2B,3B,SS,LF,CF,RP",CLE,33,5,1st,55,2.2
*0514k*,Pedro Pages,C,PHI,26,3,1st,55,2.2
*041vp*,Santiago Espinal,"2B,3B,SS,LF,RF",MIL,30,4,2025,55,2.12
*04bpj*,Taylor Walls,SS,LAD,28,3,1st,55,1.83
*02myt*,Steven Okert,RP,BOS,33,2,1st,54.5,3.89
*0319c*,Mark Leiter Jr.,RP,KC,34,2,1st,54.33,3.4
*05yj0*,Chase Dollander,SP,LAA,23,1,2050,54,10.8
*04s1g*,Gabriel Moreno,C,ARI,25,7,2027,54,1.93
*01fhm*,Martin Perez,SP,NYM,34,11,1st,54,13.5
*04em6*,Will Vest,RP,ARI,29,1,1st,54,3.86
*01s9k*,Starling Marte,RF,TOR,36,5,1st,53,2.3
*025fx*,Tommy Pham,"LF,CF,RF",WAS,37,9,1st,53,1.83
*0517z*,Mitch Spence,"SP,RP",COL,26,3,2040,52.83,4.4
*06650*,Hayden Birdsong,"SP,RP",LAA,23,3,2040,52.5,6.56
*0376h*,Tyler Alexander,"SP,RP",SD,30,3,2025,52.17,5.22
*04aee*,Jo Adell,"CF,RF",NYY,26,7,2026,52,1.93
*04mn2*,Griffin Conine,"LF,RF",MIA,27,16,1st,52,2.6
*04ppo*,Kyle Isbel,CF,LAD,28,4,1st,52,1.68
*041s4*,Lake Bachar,RP,LAD,29,1,1st,52,3.71
*051aa*,Porter Hodge,RP,KC,24,3,2040,51.5,3.22
*05uy5*,AJ Smith-Shawver,SP,SF,22,5,2029,51,12.75
*04de0*,Ramon Urias,3B,CIN,30,1,1st,51,2.32
*026rz*,Gio Urshela,"1B,3B",TOR,33,3,1st,51,1.89
*04ali*,Edward Cabrera,SP,TOR,27,11,2027,50.67,10.13
*041x9*,Graham Ashcraft,"SP,RP",COL,27,7,2025,50.67,3.9
*03ql5*,Ryan Helsley,RP,LAA,30,13,1st,50.5,4.21
*04eqa*,Garrett Whitlock,"SP,RP",BOS,28,9,2027,50.33,4.19
*02yk4*,Tyler ONeill,"LF,RF",LAD,29,9,2026,50,2.78
*05139*,Michael Massey,2B,MIN,27,7,2025,50,1.56
*04eer*,Drew Waters,"LF,CF,RF",CIN,26,5,2025,50,2.38
*05ynb*,Liam Hicks,C,CWS,25,1,1st,50,2.27
*03yso*,A.J. Puk,"SP,RP",DET,30,8,1st,49.5,6.19
*041py*,Keegan Akin,"SP,RP",DET,30,2,1st,49.5,3.09
*03ppa*,A.J. Minter,RP,MIL,31,4,1st,49.5,3.81
*03duu*,Ryan Thompson,RP,PHI,32,1,1st,49.33,3.52
*051bm*,Louie Varland,"SP,RP",BOS,27,7,2025,49.17,2.73
*05uy1*,Justyn-Henry Malloy,"LF,RF",BOS,25,3,1st,49,1.88
*04q0o*,Romy Gonzalez,"1B,2B,3B,SS,RF",CHC,28,1,1st,49,3.06
*01s98*,Jose Iglesias,"2B,3B,SS",MIL,35,3,2025,49,1.88
*03deg*,Justin Steele,SP,SD,29,31,1st,48.83,12.21
*02nax*,Matt Strahm,RP,WAS,33,3,1st,48.83,3.05
*05acp*,Justin Martinez,RP,HOU,23,5,2035,48.5,4.04
*04yuu*,Patrick Bailey,C,NYM,25,5,2025,48,1.55
*02c4r*,Jon Berti,"2B,3B",TEX,35,9,1st,48,2.18
*05u6p*,Brant Hurter,RP,TOR,26,3,2040,48,5.33
*02h9j*,Michael A. Taylor,"LF,CF,RF",LAD,34,3,1st,48,1.71
*031fj*,Gabe Speier,RP,DET,30,1,1st,48,3.2
*0429r*,Max Kranick,RP,SF,27,2,1st,47.67,3.4
*04eos*,Joey Cantillo,"SP,RP",SEA,25,3,2040,47.17,3.63
*05ua7*,Jackson Merrill,CF,PIT,22,3,2040,47,4.7
*04o78*,Matt Wallner,"LF,RF",ATH,27,7,2026,47,2.61
*041q6*,Nolan Jones,"LF,CF,RF",TEX,26,10,2027,47,1.57
*062ho*,Javier Sanoja,"2B,3B,SS,LF,CF,RP",HOU,22,3,2040,47,2.04
*03fhx*,Elias Diaz,C,CLE,34,2,1st,47,1.96
*05jr5*,Blake Dunn,"LF,CF,RF",DET,26,2,1st,47,1.81
*03mm4*,Andy Ibanez,"1B,2B,3B,SS,LF",PHI,32,1,1st,47,2.04
*04t40*,Brayan Bello,SP,MIA,25,7,2027,46.83,15.61
*041vm*,Dylan Lee,RP,CLE,30,1,1st,46.83,3.35
*05ad7*,Manuel Rodriguez,RP,CWS,28,1,1st,46.5,3.1
*06luc*,Jack Dreyer,"SP,RP",SD,26,1,1st,46.33,3.31
*02mwq*,Zach Eflin,SP,STL,31,22,1st,46,15.33
*04ai4*,Nolan Gorman,"2B,3B",LAD,24,10,2028,46,2.3
*04en7*,Garrett Mitchell,"CF,RF",SF,26,7,2025,46,1.84
*031cd*,Mitch Garver,C,TOR,34,9,2025,46,2.19
*02yh5*,Amed Rosario,"2B,3B,SS,RF",DET,29,9,1st,46,2.3
*04053*,Matt Thaiss,C,WAS,29,1,1st,46,2.09
*05w9g*,Randy Rodriguez,RP,CWS,25,1,1st,45.83,3.27
*050ok*,Yennier Cano,RP,CLE,31,2,1st,45.83,3.53
*04y9f*,Ryan Zeferjahn,RP,STL,27,2,1st,45.83,3.53
*051z5*,Daysbel Hernandez,RP,CWS,28,1,1st,45.83,3.06
*04y9o*,Jack Leiter,SP,BOS,25,3,2040,45.83,11.46
*03qju*,Garrett Cleavinger,RP,LAA,31,3,2025,45.67,3.51
*05yav*,David Festa,SP,TB,25,3,2040,45.5,15.17
*0422c*,Kyle Hart,"SP,RP",CLE,32,5,1st,45.5,9.1
*05ylp*,Jared Koenig,"SP,RP",CHC,31,1,1st,45,2.81
*0622w*,Chandler Simpson,"LF,CF",NYY,24,1,2050,45,3.21
*04ydd*,Angel Martinez,"2B,LF,CF,RF",SD,23,2,1st,45,2.14
*0312h*,Kyle Farmer,"2B,3B,SS",TB,34,1,1st,45,1.55
*04ave*,Leo Rivas,"2B,SS",NYM,27,1,1st,45,2.81
*02nqg*,Luis Torrens,C,LAD,29,3,1st,45,1.88
*04tzu*,Ronny Henriquez,RP,CHC,24,1,1st,44.83,3.45
*061jc*,Tim Herrin,RP,TOR,28,1,1st,44.33,2.96
*0314j*,Ryan Yarbrough,"SP,RP",LAD,33,1,1st,44.17,4.91
*050vn*,Quinn Priester,"SP,RP",TEX,24,5,2027,44.17,8.83
*03deo*,Julian Merryweather,RP,NYY,33,1,1st,44.17,2.94
*02hxd*,Danny Coulombe,RP,CHC,35,1,1st,44.17,3.15
*03btu*,Willi Castro,"2B,3B,SS,LF,CF",LAD,28,5,2025,44,2.44
*03qmr*,Nathan Lukes,"LF,CF,RF",LAA,30,1,1st,44,2.1
*02n6w*,Ryan Borucki,RP,TOR,31,1,1st,43.5,3.11
*05y6w*,Hunter Dobbins,SP,SF,25,2,2050,43.33,14.44
*04y76*,Jacob Webb,RP,LAA,31,1,1st,43.33,2.89
*06dqd*,Ben Williamson,3B,LAA,24,1,1st,43,2.69
*0421q*,Greg Weissert,RP,CHC,30,1,1st,43,2.87
*02n0v*,Hoby Milner,RP,CHC,34,1,1st,42.83,2.86
*02zif*,Ryan Pressly,RP,BAL,36,6,1st,42.5,3.27
*051am*,Easton Lucas,"SP,RP",PIT,28,1,1st,42,10.5
*04hyc*,Ivan Herrera,C,PHI,24,6,2026,42,6
*05y4b*,Caleb Durbin,"2B,3B",SD,25,1,2050,42,2.62
*05un2*,Edgar Quero,C,MIN,22,1,2050,42,2.62
*04si3*,Brayan Rocchio,SS,CIN,24,5,2025,42,1.31
*03d7g*,Alex Verdugo,"LF,CF,RF",MIA,28,22,2026,41,3.15
*04yid*,Ryne Nelson,"SP,RP",NYY,27,7,2025,41,5.86
*04tji*,Edwin Uceta,RP,SF,27,3,2028,41,2.73
*0312l*,Brad Keller,"SP,RP",TB,29,2,1st,40.83,3.14
*04aok*,Gregory Soto,RP,PIT,30,2,1st,40.67,3.13
*05a06*,Nick Mears,RP,SF,28,1,1st,40.17,3.35
*04022*,Tim Hill,RP,LAD,35,1,1st,40.17,2.87
*04naz*,Tyler Holton,"SP,RP",ATH,28,6,2026,40.17,2.87
*04pma*,Daniel Lynch,"SP,RP",NYM,28,8,1st,40.17,2.87
*05oz7*,Jose Butto,"SP,RP",ARI,27,5,1st,40,3.33
*04yig*,Brooks Lee,"2B,3B,SS",KC,24,3,2040,40,2
*061yt*,Alan Roden,"LF,RF",KC,25,1,2050,40,1.43
*0641c*,Zach Dezenzo,"1B,LF,RF",HOU,24,3,2040,40,2.35
*031el*,Danny Jansen,C,COL,30,4,1st,40,1.67
*0316v*,Jake Bauers,"1B,LF,RF,RP",STL,29,1,1st,40,1.9
*041rq*,Brenan Hanifee,"SP,RP",HOU,26,1,1st,39.83,2.85
*066du*,Brad Lord,"SP,RP",BAL,25,1,2050,39.67,4.96
*0311c*,Devin Williams,RP,TOR,30,18,1st,39.5,3.04
*05rav*,Richard Fitts,SP,NYY,25,1,2040,39.5,13.17
*05a29*,Carmen Mlodzinski,"SP,RP",ARI,26,5,2026,39.5,6.58
*04q3y*,Grant Anderson,RP,COL,27,1,1st,39.5,2.63
*03qq9*,Justin Lawrence,RP,BOS,30,5,2025,39.17,3.56
*05tce*,Connor Norby,"2B,3B",NYY,24,3,2040,39,2.6
*027fx*,Jeimer Candelario,"1B,3B",DET,31,17,1st,39,1.77
*03lua*,Brendan Rodgers,2B,NYY,28,15,2026,39,1.7
*04alp*,Ernie Clement,"2B,3B,SS",NYM,29,3,2025,39,1.22
*03dau*,Trevor Megill,RP,DET,31,5,2025,38.67,3.22
*0689r*,Yuki Matsui,RP,BAL,29,1,1st,38.5,2.96
*04aqc*,David Bednar,RP,ATL,30,10,1st,38.5,3.85
*04ok0*,Mike Vasil,"SP,RP",MIL,25,1,2050,38.33,3.83
*03qmh*,Jake Cronenworth,"1B,2B",TEX,31,14,2025,38,3.17
*063vu*,Matt Shaw,"2B,3B,SS",PIT,23,3,2045,38,2.11
*04z6m*,Agustin Ramirez,"C,1B",MIL,23,1,2050,38,3.45
*02bve*,Blake Treinen,RP,MIN,36,1,1st,38,4.75
*0630d*,Drake Baldwin,C,TB,24,1,2050,38,2.11
*03dp8*,Ramon Laureano,"LF,CF,RF",WAS,30,6,1st,38,1.58
*03qqb*,Myles Straw,"LF,CF",BAL,30,1,1st,38,1.46
*02mzf*,Rob Refsnyder,"LF,RF",ATH,34,1,1st,38,2.92
*02n2x*,Paul Sewald,RP,MIL,34,4,1st,37.83,2.7
*0510l*,Emerson Hancock,SP,BAL,25,1,1st,37.83,9.46
*04y8z*,Erik Miller,"SP,RP",PHI,27,3,1st,37.5,2.88
*05y2k*,Mason Montgomery,RP,MIA,24,3,2040,37,2.85
*02zpf*,Edmundo Sosa,"2B,3B,SS,LF",PHI,29,3,2025,37,2.31
*0516n*,Isaac Collins,LF,SF,27,1,1st,37,1.68
*02hfr*,Caleb Thielbar,RP,PHI,38,1,1st,36.83,2.63
*041z3*,John Schreiber,RP,MIL,31,1,1st,36.67,2.62
*047sh*,Wandy Peralta,RP,BAL,33,1,1st,36.67,2.62
*0423e*,Anthony Bender,RP,ATH,30,1,1st,36.5,2.61
*0374o*,Chad Green,RP,ARI,33,3,2025,36.5,2.28
*03dqv*,Tanner Banks,"SP,RP",CHC,33,1,1st,36.17,2.58
*0517a*,Anthony Veneziano,RP,BOS,27,2,1st,36.17,2.13
*0648y*,Mason Fluharty,RP,LAD,23,1,1st,36,2.77
*04azu*,Kumar Rocker,SP,PIT,25,3,2040,36,7.2
*04mra*,Ezequiel Tovar,SS,NYY,23,7,2028,36,2.25
*0648n*,Chase Meidroth,"2B,3B,SS",ATL,23,1,2050,36,2.77
*04yrs*,Jhonkensy Noel,"1B,RF",PIT,23,3,2040,36,1.33
*01usr*,Kyle Higashioka,C,MIN,35,3,1st,36,2.12
*0516q*,Connor Gillispie,"SP,RP",SEA,27,10,1st,36,6
*05y18*,Collin Snider,RP,LAD,29,1,1st,35.17,2.93
*03nqg*,Kolby Allard,"SP,RP",CLE,27,1,1st,35,11.67
*04yte*,Jackson Rutledge,RP,CIN,26,1,1st,34.67,3.85
*0512q*,Justin Slaten,RP,SF,27,3,2040,34.67,2.48
*02c47*,Shawn Armstrong,"SP,RP",MIN,34,1,1st,34.5,2.65
*041w4*,Bryan Baker,RP,TB,30,1,1st,34.5,2.3
*03qxr*,Cole Sands,RP,ARI,27,2,1st,34.33,2.45
*03di6*,Jordan Romano,RP,COL,32,10,1st,34.17,2.44
*04rhl*,Carlos Vargas,"SP,RP",PIT,25,1,1st,34.17,3.11
*03moe*,Jesus Tinoco,RP,ATL,30,4,1st,34.17,3.42
*05mru*,Thomas Saggese,"2B,3B,SS",HOU,23,3,2040,34,2.43
*05lo5*,Freddy Fermin,C,TB,29,5,2026,34,1.62
*01s9c*,Randal Grichuk,"LF,RF",SEA,33,4,1st,34,1.42
*04ejn*,Sean Bouchard,"LF,RF",MIN,28,6,1st,34,1.48
*02n1c*,Tyler Heineman,C,DET,33,1,1st,34,2.62
*01c5o*,Jason Heyward,"LF,RF",MIL,35,1,1st,34,1.55
*02bvk*,Nick Martini,"LF,RF",COL,34,2,1st,34,1.21
*041yi*,Miles Mastrobuoni,"2B,3B,SS,LF,RF",BOS,29,2,1st,34,1.42
*02hhj*,Ryne Stanek,RP,DET,33,1,1st,33.83,2.26
*031k3*,Trent Thornton,RP,NYM,31,1,1st,33.67,2.24
*03btv*,Sandy Alcantara,SP,ARI,29,22,2028,33.5,5.58
*0614c*,Jordan Leasure,RP,NYY,26,1,1st,33.5,2.39
*051dw*,Brandon Eisert,"SP,RP",CIN,27,1,1st,33.5,2.79
*02f9m*,Jakob Junis,"SP,RP",LAD,32,2,1st,33.17,2.21
*05zh9*,Luke Keaschall,2B,DET,22,1,2050,33,4.71
*0311f*,Victor Caratini,"C,1B",SD,31,1,1st,33,1.94
*04ee7*,Clarke Schmidt,SP,DET,29,20,1st,32.83,10.94
*04ekf*,Calvin Faucher,RP,LAA,29,4,1st,32.67,2.72
*06491*,Orion Kerkering,"SP,RP",SF,24,8,2028,32.5,2.17
*0519h*,Hunter Bigge,RP,TOR,26,4,2040,32.5,2.5
*04pkt*,J.T. Ginn,SP,HOU,25,1,1st,32.33,10.78
*05j8o*,Angel Chivilli,RP,BOS,22,2,1st,32.17,2.3
*03nru*,Jesus Sanchez,"LF,CF,RF",TEX,27,9,2026,32,2.13
*04yib*,Brett Baty,"2B,3B",CLE,25,7,2028,32,1.68
*04ggr*,Jarred Kelenic,"LF,CF,RF",TOR,25,6,1st,32,1.39
*0515v*,David Hamilton,"2B,SS",ATH,27,4,2027,32,1.88
*03d6q*,Derek Hill,"LF,CF,RF",SEA,29,1,1st,32,2.91
*041rv*,Cavan Biggio,"1B,2B,3B,LF,RF",TB,30,3,1st,32,1.39
*05zq4*,Ryan Johnson,"SP,RP",COL,22,1,2050,31.5,2.62
*02n3l*,Taylor Rogers,RP,SD,34,3,1st,31.17,2.23
*02n2v*,Anthony Banda,"SP,RP",STL,31,3,1st,31,1.94
*066lr*,Graham Pauley,"1B,2B,3B",SF,24,3,2040,31,1.63
*031b4*,Tyler Wade,"2B,3B,SS,LF,CF,RF",LAA,30,2,1st,31,1.82
*02brf*,Jorge Lopez,RP,SEA,32,1,1st,30.67,2.04
*02bq6*,Joe Ross,"SP,RP",CHC,31,4,2025,30.67,2.36
*03d7c*,Scott Blewett,"SP,RP",DET,29,1,1st,30.67,3.83
*04avf*,Elvin Rodriguez,"SP,RP",ATL,27,2,1st,30.67,6.13
*04pqh*,Mason Englert,RP,COL,25,1,1st,30.5,3.05
*06fqx*,Seth Halvorsen,RP,ATL,25,6,1st,30.5,2.35
*05t9l*,Max Muncy,"2B,SS",MIA,22,1,2050,30,1.43
*04y11*,Luis Matos,"LF,CF,RF",CWS,23,7,2035,30,2
*02j7h*,Jacob Stallings,C,ATL,35,3,2025,30,1.67
*04pmm*,Nick Sandlin,RP,CIN,28,3,2025,30,3
*041ra*,Josh Palacios,"LF,CF,RF",SD,29,1,1st,30,1.36
*03y4y*,Enyel De Los Santos,RP,MIA,29,1,1st,29.33,2.26
*05yhg*,Will Wagner,"1B,2B,3B",SF,26,3,2040,29,1.45
*03aqw*,Mauricio Dubon,"1B,2B,3B,SS,LF,CF,RF",DET,30,9,1st,29,1.53
*04prc*,Brandon Lockridge,"LF,CF",NYY,28,1,1st,29,1.81
*03yxh*,Cal Quantrill,SP,MIN,30,10,1st,28.83,4.81
*05xor*,Christian Encarnacion-Strand,1B,MIN,25,8,2035,28,1.87
*03c65*,Victor Robles,"LF,CF,RF",NYY,27,4,2027,28,2.8
*04sxv*,Jose Tena,"2B,3B",ATH,24,5,2035,28,1.56
*01lum*,Justin Turner,"1B,3B",KC,40,8,1st,28,1.4
*03022*,Hunter Renfroe,RF,CWS,33,2,1st,28,1.17
*04g7n*,Oswald Peraza,"2B,3B,SS",PHI,24,3,1st,28,1.87
*041qk*,Garrett Hampson,"1B,2B,SS,LF,CF,RF",STL,30,3,1st,28,1.75
*064ny*,Zach Agnos,RP,WAS,24,1,2050,27.67,4.61
*03cav*,Brent Suter,"SP,RP",CIN,35,3,2025,27.33,2.73
*03drc*,Aaron Bummer,RP,CLE,31,1,1st,27.17,2.47
*0326s*,Ketel Marte,2B,KC,31,20,2025,27,2.7
*02bqr*,Blake Snell,SP,ATH,32,30,1st,27,13.5
*041q8*,Brandon Marsh,"LF,CF,RF",CLE,27,14,2026,27,1.42
*04y94*,Jonny Deluca,"LF,CF,RF",HOU,26,5,2026,27,3
*03qkh*,Paul DeJong,"3B,SS",LAA,31,5,2025,27,1.69
*03qvr*,Seth Brown,"1B,LF,RF",BOS,32,11,1st,27,1.17
*03110*,Tim Anderson,"2B,SS",LAA,31,1,1st,27,1.23
*05a1v*,Keider Montero,SP,PIT,24,3,2040,26.83,8.94
*03qt6*,Tyler Phillips,"SP,RP",TB,27,2,1st,26.67,2.42
*05r3k*,Carson Spiers,"SP,RP",MIN,27,8,1st,26.17,8.72
*0310c*,Hunter Harvey,RP,SEA,30,2,1st,26.17,4.36
*06at1*,Yariel Rodriguez,"SP,RP",CLE,28,3,1st,26.17,2.01
*05uo2*,Logan Henderson,SP,KC,23,1,2050,26,26
*026qc*,Joc Pederson,UT,CLE,33,11,2026,26,0.9
*04q5b*,Jonah Bride,"1B,3B",MIN,29,3,2025,26,1.18
*03yr2*,Yohel Pozo,C,PHI,27,4,1st,26,2.6
*0318i*,Justin Topa,"SP,RP",STL,34,1,1st,26,2.17
*06kvo*,Spencer Bivens,"SP,RP",CHC,30,2,1st,25.83,2.58
*04auk*,Seranthony Dominguez,RP,SEA,30,6,1st,25.83,2.15
*04xne*,Yoendrys Gomez,RP,PHI,25,1,1st,25.5,3.19
*03qto*,Evan Phillips,RP,COL,30,3,1st,25.33,4.22
*051b2*,Paxton Schultz,RP,SD,27,1,1st,25.33,12.67
*01t5w*,Miguel Rojas,"2B,3B,SS",ARI,36,4,1st,25,1.32
*02btg*,Tayler Scott,RP,LAD,32,1,1st,24.83,1.77
*05y0j*,Spencer Arrighetti,SP,TB,25,3,2040,24.33,12.17
*061t3*,Brennan Bernardino,"SP,RP",BOS,33,3,1st,24.33,2.03
*0429h*,Bryse Wilson,"SP,RP",NYM,27,4,1st,24.33,2.03
*04qnc*,Francisco Alvarez,C,NYY,23,7,2028,24,3.43
*025eo*,Mark Canha,"1B,LF,RF",MIA,36,3,1st,24,1.6
*029us*,Christian Vazquez,C,NYM,34,1,1st,24,1.33
*02xi1*,Kevin Pillar,"LF,CF,RF",MIA,36,3,1st,24,1.33
*02brk*,Austin Hedges,C,COL,32,1,1st,24,1.71
*05jpk*,Joe Boyle,SP,SF,25,6,1st,23.5,23.5
*041rj*,JoJo Romero,RP,TOR,28,3,2026,23.5,1.68
*04pmd*,Gunnar Hoglund,SP,CLE,25,1,2050,23,23
*04ysv*,Adael Amador,2B,PIT,22,3,2040,23,1.53
*05tc7*,Ryan Bliss,2B,SD,25,3,2040,23,2.09
*041z2*,Jack Suwinski,"LF,CF,RF",CHC,26,7,2028,23,1.44
*0313t*,Tyler Kinley,RP,LAD,34,1,1st,23,1.64
*04elh*,Jacob Amaya,SS,NYY,26,1,1st,23,0.85
*05sr2*,Michael McGreevy,SP,LAA,24,3,2040,22.83,22.83
*03amq*,German Marquez,SP,MIA,30,8,2027,22.5,3.21
*052c7*,Valente Bellozo,SP,MIN,25,3,2040,22.33,7.44
*0317o*,Jeff McNeil,"2B,LF,CF,RF",MIN,33,11,1st,22,3.14
*0529l*,Endy Rodriguez,"C,1B",LAD,24,5,2029,22,1.47
*0518r*,Dustin Harris,"LF,CF",WAS,25,1,1st,22,1.47
*0518b*,Oliver Dunn,"1B,3B",SD,27,3,2040,22,1.57
*05ahe*,Curtis Mead,"1B,2B,3B",ARI,24,7,2035,21,0.95
*05128*,Jared Triolo,"1B,2B,3B,SS",MIL,27,5,2025,21,0.95
*03nrk*,Oscar Gonzalez,"LF,RF",ATH,27,2,1st,21,1.17
*05a07*,Penn Murfee,RP,CIN,31,1,1st,20.83,1.39
*05ycf*,Noah Cameron,SP,SEA,25,1,2050,20.67,20.67
*005jn*,Charlie Morton,"SP,RP",MIN,41,14,1st,20.33,2.54
*062k5*,Nick Kurtz,1B,CLE,22,3,2050,20,1.82
*04efa*,Daulton Varsho,"LF,CF",SEA,28,26,2026,20,4
*01s99*,Travis dArnaud,C,ATH,36,5,2025,20,1.43
*04069*,Luken Baker,1B,BOS,28,3,1st,20,1.11
*04ya4*,Nasim Nunez,SS,LAD,24,1,1st,20,1.67
*04ent*,J.C. Escarra,"C,1B",SEA,30,2,1st,20,1.82
*02bv2*,Eric Haase,C,STL,32,1,1st,20,1.67
*06am0*,Mickey Gasper,"1B,2B",COL,29,1,1st,20,1.18
*021t6*,Martin Maldonado,C,CLE,38,1,1st,20,1.05
*03aru*,Joel Payamps,RP,DET,31,2,1st,19.67,1.31
*04pvu*,Stephen Kolek,"SP,RP",NYY,28,1,1st,19.67,19.67
*04pxp*,Victor Vodnik,RP,TB,25,3,2025,19.5,2.17
*04ef0*,Matt Sauer,RP,CHC,26,2,1st,19.33,9.67
*03deu*,Brock Stewart,RP,MIL,33,1,1st,19.17,2.74
*04pps*,Hogan Harris,"SP,RP",MIL,28,1,1st,19.17,4.79
*06hv8*,Logan Evans,"SP,RP",CWS,23,1,2050,19,9.5
*03eet*,Yoan Moncada,3B,TB,29,15,2025,19,2.38
*04hi6*,Alexander Canario,"LF,CF,RF",PIT,24,2,1st,19,1.27
*04q24*,Max Schuemann,"2B,3B,SS,LF,CF",TOR,27,1,1st,19,0.95
*04q26*,Vinny Capra,"2B,3B,SS",COL,28,1,1st,19,0.86
*041tq*,Sam Huff,C,CWS,27,1,1st,19,1.58
*041ze*,Josh Winckowski,"SP,RP",MIN,26,1,1st,18.83,3.14
*05wxw*,Gordon Graceffo,"SP,RP",BAL,25,4,2040,18.5,9.25
*0516x*,Brent Headrick,RP,PIT,27,1,1st,18.17,4.54
*03div*,Jake Latz,RP,NYM,29,2,1st,18.17,3.63
*04eey*,MJ Melendez,"LF,RF",TOR,26,7,2027,18,1.12
*04esz*,Chas McCormick,"LF,CF,RF",LAA,30,9,2025,18,0.82
*05mre*,Spencer Strider,SP,TEX,26,9,2027,17.5,17.5
*0596g*,Reid Detmers,"SP,RP",NYY,25,9,2027,17.17,1.56
*03bin*,Nestor Cortes Jr.,SP,MIN,30,22,1st,17,8.5
*05tzg*,Jace Jung,3B,TEX,24,3,2040,17,1.42
*03b6k*,Jorge Mateo,"2B,SS,CF",MIN,29,3,1st,17,1
*05132*,Ryan Kreidler,"3B,SS,CF",CHC,27,2,1st,17,1
*03pix*,Tyler Stephenson,C,STL,28,11,2026,16,5.33
*03dei*,Lane Thomas,"CF,RF",TB,29,28,2025,16,1.23
*05gbg*,Zac Veen,"LF,RF",PIT,23,7,2050,16,1.33
*03qyv*,Jake McCarthy,"LF,CF,RF",CHC,27,8,2026,16,1.14
*041qh*,Jose Miranda,"1B,3B",COL,26,7,2026,16,1.33
*03bud*,Bryan De La Cruz,"LF,RF",BAL,28,3,1st,16,1
*039vx*,Jose Siri,CF,LAD,29,3,1st,16,1.6
*04pqf*,Nick Fortes,C,COL,28,1,1st,16,2
*02j2v*,Travis Jankowski,"LF,CF,RF",STL,33,1,1st,16,1.14
*05t6u*,Beau Brieske,"SP,RP",HOU,27,3,2025,15.33,1.7
*041v6*,Tony Gonsolin,SP,MIL,30,9,2026,15,15
*05oxc*,Henry Davis,C,TOR,25,5,2027,15,1.5
*04qii*,Addison Barger,"3B,LF,RF",CLE,25,3,2040,15,1.07
*041q7*,Ben Rortvedt,C,CIN,27,1,1st,15,0.94
*0519u*,Tyler Tolbert,"2B,SS,LF,CF,RF",TOR,27,1,1st,15,1.15
*04ydt*,Christian Koss,"2B,3B,SS",MIN,27,1,1st,15,1
*02n5v*,Chris Flexen,SP,CIN,30,3,1st,14.5,14.5
*030x2*,Jose Leclerc,RP,NYM,31,3,1st,14,1.4
*05t25*,Ronny Simon,"2B,LF",MIA,25,1,1st,14,2
*025jv*,Yuli Gurriel,1B,MIN,40,2,1st,14,0.88
*03dpg*,Kevin Ginkel,RP,ATH,31,1,1st,13.67,4.56
*04ata*,Jorge Alcala,RP,PIT,29,2,1st,13.67,1.14
*05gs4*,Cole Henry,"SP,RP",TB,25,1,1st,13.5,1.93
*01ubo*,Kris Bryant,"1B,RF",CHC,33,7,1st,13,1.18
*03av1*,Jake Rogers,C,STL,30,2,1st,13,2.17
*0510z*,Korey Lee,C,STL,26,2,1st,13,1.44
*03dg7*,Austin Slater,"LF,CF,RF",NYM,32,3,1st,13,1.62
*03nqc*,Jose Suarez,"SP,RP",BAL,27,1,1st,12.67,4.22
*02i37*,Lucas Giolito,SP,SF,30,19,1st,12.5,12.5
*04efi*,Connor Wong,"C,1B,2B",LAD,28,12,1st,12,1.09
*05zya*,Thomas Harrington,SP,ATL,23,1,2050,12,6
*04efc*,Tyler Freeman,"2B,3B,SS,CF",CHC,25,5,1st,12,1.71
*01t9q*,Gary Sanchez,"C,1B",BAL,32,3,2025,12,0.92
*01ub8*,Liam Hendriks,RP,STL,36,7,1st,11.5,1.92
*0429k*,Colin Holderman,RP,BAL,29,4,1st,11.33,1.13
*05jp2*,Jared Shuster,"SP,RP",CIN,26,5,2025,11.33,1.89
*051eh*,Kevin Kelly,RP,MIA,27,1,1st,11,2.2
*01te5*,Donovan Solano,"1B,3B",MIA,37,3,2025,11,0.55
*0511z*,Matt Gorski,"1B,LF,CF,RF",CHC,27,5,1st,11,1.83
*03z62*,Bobby Dalbec,"1B,3B,SS",CHC,29,3,1st,11,1.57
*0420h*,Weston Wilson,"2B,3B,LF,RF",TB,30,1,1st,11,3.67
*04ppi*,Kody Clemens,"1B,2B,3B,LF",BAL,28,1,1st,11,0.85
*05r3a*,Brandon Young,SP,TB,26,1,2050,10.83,5.42
*05ras*,Colton Cowser,"LF,CF,RF",CLE,25,7,2035,10,2.5
*02i1q*,Orlando Arcia,SS,NYM,30,5,2025,10,1
*04o2x*,Davis Schneider,"2B,LF",MIL,26,1,1st,10,1
*041m9*,Dane Dunning,"SP,RP",BOS,30,3,1st,10,10
*02i3d*,Manuel Margot,"LF,CF,RF",LAA,30,4,1st,10,1.67
*05jp4*,Casey Schmitt,"1B,2B,3B,SS",ATL,26,2,1st,10,1.25
*04mrb*,Jorge Barrosa,"LF,CF",MIL,24,1,1st,10,2
*03azu*,Pablo Reyes,"2B,3B,RF",PHI,31,1,1st,10,0.77
*05l9f*,Landon Knack,SP,ATL,27,3,2040,9.83,3.28
*060eu*,Ben Joyce,RP,NYY,24,6,1st,9.67,1.93
*041sz*,Tobias Myers,SP,PIT,26,3,2040,9,3
*0649e*,A.J. Blubaugh,SP,ATL,24,4,2050,9,9
*04en9*,Gage Workman,"3B,SS",CIN,25,1,2050,9,0.82
*0403l*,Rafael Marchan,C,MIL,26,1,1st,9,1.29
*04eoq*,Alan Trejo,"2B,3B,SS",DET,28,1,1st,9,1.29
*02bsw*,Mike Clevinger,"SP,RP",SD,34,7,2026,8.83,1.1
*02z93*,Kenta Maeda,"SP,RP",CLE,37,3,1st,8,1.14
*02u47*,Chris Taylor,"2B,3B,LF,CF",BOS,34,1,1st,8,0.4
*04pvh*,David Villar,1B,NYM,28,1,1st,8,2.67
*026l1*,Lance McCullers Jr.,SP,NYY,31,2,1st,7.83,7.83
*0511r*,Drey Jameson,"SP,RP",COL,27,5,1st,7.5,2.5
*0597k*,Nick Gonzales,"2B,SS",ARI,25,6,2027,7,7
*04ppk*,Richie Palacios,"2B,LF,RF",COL,27,6,2025,7,7
*0312v*,Mike Tauchman,"LF,CF,RF",BOS,34,6,1st,7,2.33
*04yia*,Will Wilson,"2B,3B,SS",CLE,26,1,1st,7,0.88
*0511w*,Aaron Schunk,"2B,3B,SS",CHC,27,2,1st,7,1
*031ey*,Eric Lauer,SP,MIA,29,1,1st,7,7
*04eel*,Stuart Fairchild,"LF,CF,RF",CIN,29,4,2025,7,0.64
*01spl*,Jurickson Profar,LF,COL,32,16,1st,6,1.5
*03pjf*,Mike Soroka,"SP,RP",HOU,27,15,1st,6,6
*05a1t*,Jorbit Vivas,"2B,3B",COL,24,1,1st,6,2
*041m3*,Forrest Whitley,RP,CIN,27,3,2040,6,6
*03yxd*,Vidal Brujan,"2B,3B,SS,LF,CF,RF",CIN,27,1,1st,6,0.67
*04mkt*,Dairon Blanco,"LF,CF,RF",SD,32,1,1st,6,2
*02j6w*,Jose Urena,"SP,RP",BAL,33,1,1st,6,6
*041m0*,Ian Anderson,"SP,RP",BOS,27,5,2026,5.67,0.81
*05l1p*,Luarbert Arias,RP,NYY,24,1,1st,5.67,0.94
*03qqf*,Alexis Diaz,RP,TEX,28,7,2026,5.5,0.92
*05rks*,Luis Mey,RP,PIT,23,1,2050,5.5,2.75
*06653*,Rhylan Thomas,"LF,CF,RF",TOR,25,1,1st,5,2.5
*02hg4*,Marcus Stroman,SP,NYY,34,9,1st,4.17,1.39
*04aov*,Tirso Ornelas,LF,SD,25,1,2050,4,0.57
*041mc*,Dylan Carlson,"LF,CF,RF",CLE,26,1,1st,4,0.44
*05xpo*,Ryan Bergert,"SP,RP",TOR,25,1,1st,4,2
*02xid*,Albert Suarez,"SP,RP",SEA,35,3,2025,3.83,3.83
*004ee*,Max Scherzer,SP,KC,40,12,2025,3.5,3.5
*063e5*,Caden Dana,SP,TB,21,3,2040,3.5,3.5
*013ip*,Jesse Chavez,RP,BOS,41,1,1st,3.5,1.75
*041tl*,Matt Festa,RP,CHC,32,1,1st,3.17,3.17
*04eep*,Luis Campusano,C,CLE,26,3,1st,3,1.5
*051eo*,Blaine Crim,1B,KC,27,2,1st,3,1.5
*0612z*,Trey Lipscomb,"1B,3B",SD,24,1,1st,3,1
*04dwv*,Jose Barrero,"2B,SS,CF",CIN,27,12,2025,3,0.6
*04ppl*,Owen Miller,"1B,2B",COL,28,1,1st,3,1
*03i81*,Reynaldo Lopez,SP,ARI,31,20,1st,2.5,2.5
*05gwz*,Bobby Miller,SP,CWS,26,7,2035,2.5,2.5
*05138*,Matt Brash,RP,ATL,26,2,1st,2.5,2.5
*02yog*,Touki Toussaint,RP,TOR,28,1,1st,2.5,2.5
*06fzq*,Craig Yoho,RP,SD,25,1,2050,2.33,0.47
*05gwt*,Jake Eder,RP,BOS,26,3,2040,2.17,0.72
*06in4*,Hyeseong Kim,2B,ATH,26,11,1st,2,1
*04oct*,Josh Rojas,"2B,3B,LF",CIN,30,10,1st,2,2
*04y9i*,Tyler Callihan,"2B,LF",TEX,24,1,2050,2,0.67
*041sg*,Nicky Lopez,"2B,3B,SS",CIN,30,2,1st,2,0.2
*03et8*,Ranger Suarez,SP,BAL,29,18,1st,1.83,1.83
*03pon*,Triston McKenzie,"SP,RP",COL,27,10,1st,1.33,0.33
*041ah*,Josh Lowe,"LF,RF",DET,27,6,2028,1,1
*05js5*,Coby Mayo,"1B,3B",MIA,23,3,2040,1,0.5
*04nqx*,Ezequiel Duran,"1B,2B,3B,SS,LF,RF",NYM,25,7,1st,1,0.14
*03d6y*,Connor Joe,"1B,LF,RF",PHI,32,2,1st,1,0.14
*041qr*,Aaron Civale,SP,MIN,29,15,1st,0.5,0.5
*05y9r*,Justin Wrobleski,SP,KC,24,3,2040,0.5,0.5
*06agh*,Yilber Diaz,SP,KC,24,3,2040,0.5,0.5
*021jb*,Ryan Brasier,"SP,RP",TEX,37,2,1st,0.5,0.5
*03wha*,Ronald Acuna Jr.,RF,TB,27,40,1st,0,0
*04yie*,George Kirby,SP,MIN,27,10,2028,0,0
*04mlt*,Shane McClanahan,SP,TEX,28,11,2027,0,0
*04aeb*,Royce Lewis,3B,SEA,25,12,2027,0,0
*02bu3*,Brandon Woodruff,SP,ARI,32,20,2026,0,0
*04pko*,Grayson Rodriguez,SP,KC,25,9,2029,0,0
*05u9z*,Roman Anthony,CF,SF,20,1,2050,0,0
*05h2u*,Jared Jones,SP,CWS,23,3,2040,0,0
*05rik*,Bubba Chandler,SP,WAS,22,1,2050,0,0
*02x0f*,Sean Manaea,SP,ATL,33,16,1st,0,0
*01c5l*,Yu Darvish,SP,ATH,38,16,1st,0,0
*04s1h*,Luis Gil,SP,TEX,26,4,2029,0,0
*05r3i*,Andrew Painter,SP,ATH,22,1,2050,0,0
*05aoc*,Eury Perez,SP,BAL,22,7,2035,0,0
*05r1m*,Jordan Lawlar,SS,MIL,22,7,2035,0,0
*041rf*,Shane Bieber,SP,ARI,29,18,1st,0,0
*05mdt*,Evan Carter,"LF,RF",TOR,22,5,2029,0,0
*05ub0*,Zack Gelof,2B,PIT,25,7,2035,0,0
*04pmn*,Parker Meadows,CF,BAL,25,15,1st,0,0
*061bo*,Rhett Lowder,SP,COL,23,5,2040,0,0
*05u9q*,Jac Caglianone,1B,HOU,22,3,2050,0,0
*05zde*,Travis Bazzana,2B,HOU,22,3,2050,0,0
*066cf*,Zebby Matthews,SP,SF,24,3,2040,0,0
*05r9j*,Marcelo Mayer,SS,CWS,22,1,2050,0,0
*04mnw*,Ryan Weathers,SP,ATH,25,17,1st,0,0
*05xtz*,Dalton Rushing,"C,LF",PIT,24,1,2050,0,0
*05uc7*,Noah Schultz,SP,KC,21,1,2050,0,0
*05rbv*,Samuel Basallo,"C,1B",KC,20,1,2050,0,0
*05ajg*,Ha-seong Kim,SS,COL,29,12,1st,0,0
*05u3v*,Walker Jenkins,CF,CLE,20,3,2050,0,0
*05js3*,Kyle Harrison,SP,ARI,23,7,2035,0,0
*060gd*,Quinn Mathews,SP,LAA,24,1,2050,0,0
*05t9n*,Carson Williams,SS,DET,21,1,2050,0,0
*05rb3*,Chase Burns,SP,DET,22,3,2050,0,0
*061yu*,Jacob Misiorowski,"SP,RP",COL,23,1,2050,0,0
*051ia*,Spencer Horwitz,"1B,2B",WAS,27,5,2026,0,0
*04ep8*,Kutter Crawford,SP,BOS,29,10,1st,0,0
*05u96*,Bryce Eldridge,1B,COL,20,2,2050,0,0
*05uei*,Chase DeLauter,RF,KC,23,1,2050,0,0
*05gww*,Cade Horton,SP,TB,23,1,2050,0,0
*0662o*,Sebastian Walcott,"3B,SS",ATH,19,1,2050,0,0
*05u9y*,Max Clark,CF,MIN,20,3,2050,0,0
*06cq8*,Christian Moore,2B,CLE,22,3,2050,0,0
*054p6*,Emmanuel Rodriguez,CF,DET,22,1,2050,0,0
*0515o*,Brandon Sproat,SP,HOU,24,1,2050,0,0
*005ih*,Clayton Kershaw,SP,BAL,37,5,1st,0,0
*05wxy*,Kyle Teel,C,LAA,23,3,2050,0,0
*06aw3*,JJ Wetherholt,SS,BOS,22,3,2050,0,0
*01cdf*,Giancarlo Stanton,UT,KC,35,3,1st,0,0
*067yc*,Leodalis De Vries,SS,SD,18,3,2050,0,0
*03d6v*,Michael Kopech,RP,TEX,29,5,1st,0,0
*05rch*,Colson Montgomery,SS,HOU,23,1,2050,0,0
*06alk*,Charlie Condon,LF,TOR,22,3,2050,0,0
*05zd4*,Hagen Smith,SP,MIL,21,3,2050,0,0
*0514o*,Cody Bradford,SP,TEX,27,5,2028,0,0
*04yi8*,Spencer Jones,CF,PHI,23,1,2050,0,0
*060ub*,Colt Emerson,SS,PIT,19,3,2050,0,0
*06ibv*,Jesus Made,SS,LAD,17,2,2050,0,0
*04pqq*,Matt Vierling,"3B,LF,CF,RF",SEA,28,12,1st,0,0
*05nsq*,Deyvison De Los Santos,"1B,3B",CWS,21,1,2050,0,0
*05ybr*,Ethan Salas,C,DET,18,1,2050,0,0
*05rfc*,Lazaro Montes,RF,PIT,20,1,2050,0,0
*04pq4*,Kyle Bradish,SP,PHI,28,7,2025,0,0
*05jpx*,Tink Hence,SP,DET,22,1,2050,0,0
*0516h*,DJ Herz,SP,SD,24,3,2040,0,0
*05u36*,Aidan Miller,SS,PHI,20,2,2050,0,0
*05u3u*,Konnor Griffin,SS,SF,19,3,2050,0,0
*061zv*,Josue De Paula,"LF,RF",MIN,19,1,2050,0,0
*02yg3*,Frankie Montas,SP,SEA,32,24,2025,0,0
*05yby*,Kevin McGonigle,"2B,SS",SF,20,2,2050,0,0
*062pp*,Xavier Isaac,1B,CWS,21,1,2050,0,0
*05jsg*,Owen Caissie,"LF,RF",TOR,22,1,2050,0,0
*05tp6*,Thomas White,SP,COL,20,1,2050,0,0
*06eyu*,Zyhir Hope,LF,LAA,20,2,2050,0,0
*059bx*,Brady House,3B,ATL,21,1,2050,0,0
*05rc3*,Masataka Yoshida,UT,MIL,31,21,2025,0,0
*060la*,Jett Williams,SS,NYY,21,1,2050,0,0
*03aay*,Thairo Estrada,2B,TEX,29,9,2027,0,0
*05rbs*,Moises Ballesteros,C,PIT,21,1,2050,0,0
*0603p*,Hurston Waldrep,SP,MIN,23,5,2040,0,0
*05rcg*,Braden Montgomery,RF,SD,22,3,2050,0,0
*05y7n*,Jarlin Susana,SP,CWS,21,1,2050,0,0
*05rc5*,Termarr Johnson,"2B,SS",PIT,20,1,2050,0,0
*05y7x*,Cole Young,"2B,SS",NYY,21,1,2050,0,0
*04mms*,Orelvis Martinez,2B,STL,23,4,2040,0,0
*05ycl*,Travis Sykora,SP,WAS,21,1,2050,0,0
*05y30*,Justin Crawford,CF,PHI,21,1,2050,0,0
*04qow*,Kevin Alcantara,RF,ATH,22,3,2040,0,0
*05yix*,Jaison Chourio,CF,PIT,19,1,2050,0,0
*04fyo*,Ronny Mauricio,2B,CWS,24,13,2035,0,0
*05tdk*,Druw Jones,CF,CWS,21,1,2050,0,0
*05js6*,Ricky Tiedemann,SP,BAL,22,1,2050,0,0
*05mx9*,Felnin Celesten,SS,HOU,19,1,2050,0,0
*05raw*,Harry Ford,C,CWS,22,1,2050,0,0
*04ni3*,Luis Garcia,SP,BAL,28,9,2026,0,0
*062yr*,Noble Meyer,SP,CWS,20,2,2050,0,0
*05u6g*,Jackson Ferris,SP,KC,21,1,2050,0,0
*05u1y*,Cam Collier,3B,CWS,20,1,2050,0,0
*0630e*,Colby Thomas,"LF,RF",STL,24,1,2050,0,0
*05yai*,Bryce Rainer,SS,KC,19,3,2050,0,0
*045kb*,Cristian Javier,SP,DET,28,10,1st,0,0
*06b72*,George Lombard Jr.,SS,ATH,19,2,2050,0,0
*062e0*,Cam Caminiti,SP,TOR,18,2,2050,0,0
*061mh*,Robby Snelling,SP,PIT,21,1,2050,0,0
*06apx*,Trey Yesavage,SP,CLE,21,3,2050,0,0
*060m8*,Jurrangelo Cijntje,SP,TB,21,1,2050,0,0
*04aoq*,Jason Foley,RP,NYM,29,3,2025,0,0
*05js7*,Nick Yorke,2B,KC,23,3,2040,0,0
*04fq2*,Javier Assad,SP,SEA,27,7,1st,0,0
*05ucf*,James Triantos,2B,ATL,22,1,2050,0,0
*05gef*,Cade Cavalli,SP,HOU,26,7,2026,0,0
*05gss*,Jeferson Quero,C,ATL,22,1,2050,0,0
*05y7v*,Carson Whisenhunt,SP,MIN,24,1,2050,0,0
*02bqy*,Joe Musgrove,SP,NYY,32,3,1st,0,0
*05u2u*,Tyler Black,1B,KC,24,3,2040,0,0
*05xu1*,Alex Freeland,SS,SF,23,2,2050,0,0
*05y3p*,Arjun Nimmala,SS,ATL,19,2,2050,0,0
*05wy1*,Brayden Taylor,"3B,SS",HOU,22,2,2050,0,0
*05jri*,Alejandro Rosario,SP,BAL,23,1,2050,0,0
*05yb1*,Drew Thorpe,SP,DET,24,3,2040,0,0
*05xu0*,Drew Gilbert,CF,COL,24,1,2050,0,0
*06ibo*,Emil Morales,SS,CWS,18,1,2050,0,0
*05g4k*,Mick Abel,SP,CHC,23,1,2050,0,0
*05u9o*,Sal Stewart,"2B,3B",HOU,21,1,2050,0,0
*02bxv*,Jon Gray,"SP,RP",NYM,33,15,1st,0,0
*067xj*,Cooper Pratt,SS,LAA,20,2,2050,0,0
*04ooy*,Marco Luciano,"2B,SS",CWS,23,6,1st,0,0
*05yid*,Michael Arroyo,2B,BAL,20,1,2050,0,0
*05wrt*,Tre Morgan,1B,STL,22,1,2050,0,0
*061gx*,Jacob Melton,"CF,RF",HOU,24,1,2050,0,0
*05mrx*,Gavin Stone,SP,DET,26,8,2035,0,0
*05ubi*,Brock Wilken,3B,NYM,22,3,2050,0,0
*05r5e*,Angel Genao,SS,TB,20,1,2050,0,0
*066mo*,Robert Calaz,"CF,RF",STL,19,1,2050,0,0
*06ier*,Ryan Sloan,SP,CIN,19,2,2050,0,0
*06c78*,Franklin Arias,"2B,SS",KC,19,1,2050,0,0
*066sx*,Jonny Farmelo,CF,STL,20,1,2050,0,0
*05xpq*,Christian Scott,SP,SF,25,3,2040,0,0
*06ps2*,Josuar Gonzalez,SS,ATL,17,2,2050,0,0
*05jre*,Enrique Bradfield Jr.,"LF,CF",BOS,23,2,2050,0,0
*05jn0*,Adrian Del Castillo,C,HOU,25,3,2040,0,0
*0658b*,Jonah Tong,SP,TB,21,2,2050,0,0
*06aly*,Carson Benge,CF,ARI,22,3,2050,0,0
*066er*,Grant Taylor,SP,HOU,22,1,2050,0,0
*06625*,Joendry Vargas,SS,KC,19,1,2050,0,0
*05jse*,Tommy Troy,SS,DET,23,3,2050,0,0
*04pmq*,Braxton Ashcraft,SP,BOS,25,1,2050,0,0
*05yhe*,Juan Brito,"1B,2B,3B",CWS,23,1,2050,0,0
*04psr*,David Fry,"C,1B,3B,LF,RF",SF,29,4,2025,0,0
*05r64*,Thayron Liranzo,"C,1B",LAD,21,1,2050,0,0
*0637j*,Josue Briceno,"C,1B",LAA,20,1,2050,0,0
*05ge1*,Ryan Clifford,"1B,LF,RF",COL,21,1,2050,0,0
*05gbe*,Robert Hassell,"CF,RF",SD,23,1,2050,0,0
*066eo*,Cole Carrigg,CF,STL,22,1,2050,0,0
*06kkf*,Braylon Payne,CF,KC,18,2,2050,0,0
*06cq7*,Seaver King,SS,CIN,22,2,2050,0,0
*05rcj*,Edwin Arroyo,SS,NYY,21,1,2050,0,0
*05u6r*,Robert Gasser,SP,TEX,25,3,2040,0,0
*05y3q*,Blake Mitchell,C,STL,20,1,2050,0,0
*05jpd*,Ian Seymour,SP,MIA,26,1,2050,0,0
*06j3f*,Luis Pena,SS,HOU,18,1,2050,0,0
*04yfw*,Alek Manoah,SP,PIT,27,9,2027,0,0
*05xu8*,Tyler Locklear,1B,MIA,24,3,2040,0,0
*067xm*,George Klassen,SP,ATL,23,3,2050,0,0
*06dq9*,Aidan Smith,"CF,RF",ATH,20,1,2050,0,0
*05ynx*,River Ryan,SP,BAL,26,3,2040,0,0
*06dlz*,Ryan Waldschmidt,LF,SF,22,2,2050,0,0
*04ya2*,Daniel Espino,SP,BAL,24,1,2050,0,0
*0518n*,Vaughn Grissom,2B,ARI,24,7,2027,0,0
*066ir*,James Tibbs,RF,TOR,22,2,2050,0,0
*05uo4*,Emiliano Teodo,SP,TOR,24,1,2050,0,0
*05tdl*,Dylan Lesko,SP,ATL,21,1,2050,0,0
*05g3k*,Yanquiel Fernandez,RF,PIT,22,1,2050,0,0
*0514z*,Sawyer Gipson-Long,SP,DET,27,5,1st,0,0
*041e3*,Braxton Garrett,SP,LAD,27,1,1st,0,0
*05y2l*,Emmet Sheehan,SP,HOU,25,7,2035,0,0
*05u2m*,Theo Gillen,CF,DET,19,3,2050,0,0
*067yp*,Ralphy Velazquez,1B,KC,19,1,2050,0,0
*062e5*,Vance Honeycutt,CF,LAA,21,2,2050,0,0
*06c36*,Brice Matthews,"3B,SS",ATL,23,2,2050,0,0
*06dn6*,C.J. Kayfus,"1B,LF",PHI,23,1,2050,0,0
*060vu*,Moises Chace,"SP,RP",LAA,21,1,2050,0,0
*04aeh*,DL Hall,"SP,RP",CWS,26,8,2028,0,0
*064o4*,Demetrio Crisantes,2B,BAL,20,1,2050,0,0
*06agr*,Slade Caldwell,CF,KC,18,2,2050,0,0
*05y7s*,Nolan McLean,"UT,SP",HOU,23,1,2050,0,0
*06c79*,Eduardo Quintero,CF,PIT,19,1,2050,0,0
*05uec*,Yoniel Curet,SP,NYY,22,1,2050,0,0
*0662m*,Luis Morales,SP,CIN,22,1,2050,0,0
*06mnj*,Griffin Burkholder,RF,MIN,19,2,2050,0,0
*05xty*,Dylan Beavers,"CF,RF",TB,23,1,2050,0,0
*05gec*,Roderick Arias,"2B,SS",PHI,20,1,2050,0,0
*04nb5*,Hunter Barco,SP,PIT,24,1,2050,0,0
*066mz*,Brailer Guerrero,RF,ATL,18,1,2050,0,0
*05tzn*,Parker Messick,SP,COL,24,1,2050,0,0
*06bsb*,Eduardo Tait,C,PHI,18,1,2050,0,0
*05uws*,Chayce McDermott,SP,KC,26,3,2040,0,0
*06r8u*,Shotaro Morii,"SS,SP",TB,18,1,2050,0,0
*06m0g*,Elian Pena,SS,NYY,17,1,2050,0,0
*05yed*,Eric Bitonti,3B,MIN,19,1,2050,0,0
*062e9*,Drue Hackenberg,SP,CLE,23,1,2050,0,0
*030ud*,Eloy Jimenez,UT,NYY,28,3,1st,0,0
*06lp4*,Kash Mayfield,SP,MIA,20,1,2050,0,0
*0406v*,Esteury Ruiz,"LF,CF",DET,26,7,2025,0,0
*06dqi*,Jake Bloss,SP,LAA,23,3,2040,0,0
*05jqh*,Tekoah Roby,SP,BAL,23,1,2050,0,0
*04ew7*,Aaron Ashby,"SP,RP",COL,26,9,2027,0,0
*057zc*,Jonatan Clase,"LF,CF",LAA,22,3,2040,0,0
*01seh*,Alex Cobb,SP,LAD,37,1,1st,0,0
*066mn*,Yoeilin Cespedes,SS,STL,19,1,2050,0,0
*05zq5*,Charlee Soto,SP,ATL,19,1,2050,0,0
*05u6h*,Brock Porter,SP,NYY,21,1,1st,0,0
*05oek*,Elijah Green,CF,PHI,21,1,2050,0,0
*064da*,Nacho Alvarez,2B,WAS,22,3,2040,0,0
*04nq4*,Blaze Jordan,"1B,3B",BOS,22,1,2050,0,0
*05unf*,Denzel Clarke,CF,TB,25,1,2050,0,0
*06l54*,Shinnosuke Ogasawara,SP,SEA,27,2,1st,0,0
*062pm*,Owen Murphy,SP,NYY,21,1,2050,0,0
*066mx*,Starlyn Caba,SS,ATH,19,1,2050,0,0
*066mk*,Welbyn Francisca,"2B,SS",STL,18,1,2050,0,0
*06ps3*,Yorger Bautista,CF,CIN,17,2,2050,0,0
*06ho7*,Paulino Santana,CF,DET,18,1,2050,0,0
*05m1c*,Miguel Bleis,CF,CWS,21,1,2050,0,0
*05tp7*,Tommy White,3B,KC,22,1,2050,0,0
*0512c*,Alec Marsh,SP,CIN,26,5,2025,0,0
*066iq*,Ben Hess,SP,COL,22,1,2050,0,0
*061wh*,Jefferson Rojas,SS,PHI,20,1,2050,0,0
*05yh3*,Chase Hampton,SP,LAA,23,1,2050,0,0
*04aed*,Kyle Wright,SP,LAD,29,4,1st,0,0
*06qif*,Brandon Clarke,SP,SF,22,1,2050,0,0
*064o6*,Gary Gill Hill,SP,TB,20,1,2050,0,0
*04mdf*,Jerar Encarnacion,"LF,RF",LAA,27,3,2025,0,0
*06c7i*,Tai Peete,SS,KC,19,2,2050,0,0
*051e5*,Matt Waldron,SP,LAA,28,3,2025,0,0
*06f0u*,Jaden Hamm,SP,TOR,22,1,2050,0,0
*05jrf*,Chase Davis,"LF,CF",KC,23,2,2050,0,0
*06626*,Alfredo Duno,C,ATL,19,1,2050,0,0
*06kxe*,Kellon Lindsey,SS,ARI,19,2,2050,0,0
*0620x*,Santiago Suarez,SP,LAD,20,1,2050,0,0
*05tzo*,J.R. Ritchie,SP,TB,21,1,2050,0,0
*067z8*,Jose Perdomo,SS,TB,18,1,2050,0,0
*059bs*,Bryan Ramos,3B,TB,23,3,2040,0,0
*04is5*,Everson Pereira,CF,CWS,24,7,2035,0,0
*06423*,Aroon Escobar,2B,ATH,20,1,2050,0,0
*04pn3*,Josiah Gray,SP,TB,27,1,1st,0,0
*06bfu*,Alex Clemmey,SP,MIA,19,1,2050,0,0
*06k81*,Yairo Padilla,SS,KC,17,1,2050,0,0
*06ps4*,Cris Rodriguez,CF,ATH,17,1,2050,0,0
*06l0n*,Sean Linan,"SP,RP",STL,20,1,1st,0,0
*05joq*,Connor Prielipp,SP,MIL,24,1,2050,0,0
*05yfl*,Joey Loperfido,"LF,CF,RF",MIN,25,3,2040,0,0
*06dnc*,Brandon Winokur,"SS,CF",MIN,20,1,2050,0,0
*066mq*,Yophery Rodriguez,CF,MIL,19,1,2050,0,0
*05jpe*,Connor Phillips,SP,CWS,24,1,1st,0,0
*06dmr*,Matt Wilkinson,SP,CHC,22,1,2050,0,0
*05oqe*,Ty Madden,RP,CWS,25,3,2040,0,0
*06icc*,Eduardo Beltre,RF,SEA,18,1,2050,0,0
*05ray*,Benny Montgomery,CF,MIL,22,1,2050,0,0
*05j8u*,Jhostynxon Garcia,"CF,RF",CWS,22,1,2050,0,0
*05jqi*,Shay Whitcomb,"2B,3B",PIT,26,3,2040,0,0
*05u9j*,Jackson Baumeister,SP,HOU,22,1,2050,0,0
*05ybz*,Brody Brecht,SP,MIL,22,1,2050,0,0
*06mnh*,Dasan Hill,SP,BAL,19,1,2050,0,0
*06f1b*,Brody Hopkins,SP,ATL,23,1,2050,0,0
*06psm*,Andrew Salas,SS,BAL,17,1,2050,0,0
*05t7a*,Anthony Solometo,SP,MIL,22,1,2050,0,0
*05uv5*,Abimelec Ortiz,1B,PHI,23,1,2050,0,0
*06328*,PJ Morlando,CF,MIA,19,2,2050,0,0
*04nb4*,Rece Hinds,RF,CIN,24,1,1st,0,0
*05vy5*,Carter Jensen,C,TB,21,1,2050,0,0
*060gg*,Adam Mazur,SP,HOU,24,3,2040,0,0
*0648r*,Andrew Morris,SP,SD,23,1,2050,0,0
*04p0h*,Diego Cartaya,C,MIN,23,1,2050,0,0
*066b3*,K.C. Hunt,"SP,RP",SF,24,1,2050,0,0
*06huh*,Brett Wichrowski,SP,ARI,22,1,2050,0,0
*04ak5*,Trevor Rogers,SP,NYM,27,10,2026,0,0
*05jpo*,Nick Frasso,SP,MIL,26,1,2050,0,0
*060q2*,Jairo Iriarte,RP,HOU,23,4,2040,0,0
*04an8*,Wenceel Perez,"LF,CF,RF",ARI,25,3,2026,0,0
*05js4*,Yohandy Morales,"1B,3B",BOS,23,2,2050,0,0
*05gd5*,Luis Perales,SP,BOS,22,1,2050,0,0
*05yib*,Nelson Rada,CF,MIA,19,1,2050,0,0
*06kk6*,Braylon Doughty,SP,CLE,19,1,2050,0,0
*05rcs*,Gabriel Gonzalez,RF,LAA,21,1,2050,0,0
*0568a*,Max Acosta,"2B,SS",CWS,22,1,2050,0,0
*06mnk*,Tyson Lewis,SS,BOS,19,1,2050,0,0
*04gdw*,Johnathan Rodriguez,"LF,RF",STL,25,3,2040,0,0
*06hx4*,Kaelen Culpepper,SS,LAA,22,1,2050,0,0
*061lj*,Winston Santos,SP,HOU,23,1,2050,0,0
*05ym5*,Henry Lalane,SP,LAD,20,1,2050,0,0
*05gwo*,Cristian Hernandez,"2B,SS",MIL,21,1,2050,0,0
*03qpi*,Patrick Sandoval,SP,SD,28,9,2026,0,0
*06hf3*,Levi Sterling,SP,BAL,18,1,2050,0,0
*06f8f*,Hyun-Seok Jang,SP,CLE,21,1,2050,0,0
*06c28*,Yordanny Monegro,SP,MIA,22,1,2050,0,0
*05rfo*,Brandon Barriera,SP,MIL,21,1,2050,0,0
*050vo*,Dedniel Nunez,RP,SF,28,3,1st,0,0
*03dim*,John Means,SP,COL,32,12,2027,0,0
*05r1d*,Jordan Wicks,"SP,RP",TB,25,7,2035,0,0
*06psn*,Kevin Alvarez,CF,CWS,17,1,2050,0,0
*05r3s*,Alejandro Osuna,"CF,RF",WAS,22,1,2050,0,0
*041m1*,Matt Manning,SP,TEX,27,2,1st,0,0
*062jb*,Blake Burke,1B,TOR,21,2,2050,0,0
*066mw*,Rayner Arias,CF,PIT,19,1,2050,0,0
*066al*,Otto Kemp,"2B,3B",HOU,25,1,2050,0,0
*04ggi*,Andrew Kittredge,RP,TB,35,3,1st,0,0
*04fqi*,George Valera,"LF,RF",BOS,24,4,2050,0,0
*04dws*,"Ernesto Martinez, Jr.",1B,CWS,25,1,1st,0,0
*05yj5*,LuJames Groover,3B,ATL,23,1,2050,0,0
*05y7t*,Henry Bolte,"CF,RF",NYM,21,1,2050,0,0
*05rau*,Kahlil Watson,"2B,CF",CWS,22,1,2050,0,0
*03dbe*,Austin Gomber,SP,LAD,31,7,2025,0,0
*060fy*,Luis Baez,"LF,RF",BOS,21,1,2050,0,0
*06mlb*,Juan Valera,SP,SF,18,1,2050,0,0
*05gwr*,Drew Romo,C,MIL,23,3,2040,0,0
*05jrc*,Kevin Parada,C,WAS,23,1,2050,0,0
*05u2k*,Hao-Yu Lee,2B,STL,22,1,2050,0,0
*06dnb*,Mike Boeve,"1B,3B",CLE,23,1,2050,0,0
*05rcd*,Joe Mack,C,BOS,22,1,2050,0,0
*05gsg*,Justin Foscue,UT,CLE,26,3,2040,0,0
*064zm*,Didier Fuentes,SP,NYM,19,1,2050,0,0
*06f1o*,Trevor Harrison,SP,STL,19,1,2050,0,0
*066da*,Tim Elko,1B,TOR,26,1,1st,0,0
*04psu*,James Outman,CF,TEX,27,2,1st,0,0
*05xsm*,Chase Silseth,SP,DET,24,2,1st,0,0
*06htl*,Ty Johnson,"SP,RP",MIN,23,1,2050,0,0
*02334*,J.D. Martinez,UT,NYM,37,2,1st,0,0
*061wi*,Yu-Min Lin,SP,PHI,21,1,2050,0,0
*066j0*,JD Dix,SS,KC,19,1,2050,0,0
*05tcb*,Frank Mozzicato,SP,TEX,21,1,2050,0,0
*06582*,Luke Adams,"1B,3B",COL,21,2,2050,0,0
*06gwk*,Payton Tolle,SP,TOR,22,1,2050,0,0
*05jsc*,Sterlin Thompson,LF,CIN,23,1,2050,0,0
*0630f*,Gabriel Rincones Jr.,RF,NYM,24,1,2050,0,0
*05249*,Austin Martin,"2B,LF,CF",MIN,26,9,1st,0,0
*05u2o*,George Wolkow,RF,LAD,19,1,2050,0,0
*06hea*,Caleb Bonemer,SS,DET,19,1,2050,0,0
*0648f*,Zach Maxwell,RP,TEX,24,1,2050,0,0
*065ji*,Jakob Marsee,CF,CLE,23,1,2050,0,0
*04tk1*,Slade Cecconi,"SP,RP",TEX,25,5,2026,0,0
*06qhh*,Dorian Soto,SS,SF,17,1,2050,0,0
*061rf*,Jesus Baez,"3B,SS",HOU,20,1,2050,0,0
*05t5m*,Jacob Berry,"3B,RF",TOR,24,1,2050,0,0
*05w7z*,Edgardo Henriquez,RP,CWS,22,3,2040,0,0
*05rdr*,Samuel Zavala,"CF,RF",PIT,20,1,2050,0,0
*06f1r*,Connelly Early,SP,ARI,23,2,2050,0,0
*04674*,Johan Oviedo,SP,PIT,27,4,2025,0,0
*05xse*,Hector Rodriguez,"LF,RF",LAA,21,1,2050,0,0
*02mwd*,Paul Blackburn,SP,CIN,31,13,2025,0,0
*05mrp*,Marco Raya,SP,ATH,22,2,2050,0,0
*06dn7*,A.J. Ewing,"2B,CF",DET,20,1,1st,0,0
*05mxd*,Cristhian Vaquero,"LF,CF,RF",ARI,20,1,2050,0,0
*05r3g*,Mason Black,SP,PHI,25,3,2040,0,0
*04g7l*,Kristian Robinson,RF,DET,24,13,2050,0,0
*06kka*,Kale Fountain,3B,ATH,19,1,2050,0,0
*06icj*,Yolfran Castillo,SS,BAL,18,1,2050,0,0
*062jx*,Jared Serna,SS,NYY,22,3,2050,0,0
*06mne*,Luke Dickerson,SS,ATH,19,1,2050,0,0
*03pp5*,Blake Perkins,CF,SD,28,3,2025,0,0
*06dsa*,Kyle Karros,3B,MIL,22,1,2050,0,0
*06l3m*,Bryce Cunningham,SP,TOR,22,1,2050,0,0
*060ue*,Jonathan Santucci,SP,MIA,22,1,2050,0,0
*04yic*,Matthew Lugo,LF,STL,23,1,2050,0,0
*02bq7*,Robert Stephenson,RP,BOS,32,8,2025,0,0
*06c1m*,Sammy Stafura,SS,MIN,20,1,2050,0,0
*060ih*,Ivan Melendez,"1B,3B",BOS,25,1,2050,0,0
*05t9g*,Gage Jump,SP,MIL,22,1,1st,0,0
*066nq*,Dillon Head,CF,MIA,20,2,2050,0,0
*05rf5*,Carlos Jorge,CF,NYM,21,1,2050,0,0
*06ltg*,Payton Eeles,"2B,SS",MIN,25,1,2050,0,0
*066ip*,Mike Sirota,CF,ARI,21,1,2050,0,0
*05rjo*,Ricardo Cabrera,3B,ARI,20,1,2050,0,0
*05145*,Darell Hernaiz,"3B,SS",MIA,23,3,2040,0,0
*05yf9*,Carlos Rodriguez,SP,TB,23,1,1st,0,0
*05jnq*,Clayton Beeter,RP,COL,26,3,2040,0,0
*06mpb*,Jared Thomas,LF,MIA,21,1,2050,0,0
*05yha*,Mac Horvath,3B,NYM,23,3,2050,0,0
*061a8*,Andrew Walters,RP,BOS,24,3,2040,0,0
*06aw2*,Samuel Aldegheri,SP,TB,23,3,2040,0,0
*02bx6*,Derek Law,RP,MIN,34,1,1st,0,0
*05u2l*,Ty Floyd,SP,CIN,23,1,2050,0,0
*05rez*,Brando Mayea,CF,NYY,19,1,2050,0,0
*04pmv*,Brennen Davis,UT,COL,25,1,1st,0,0
*06ich*,Jhonny Level,SS,TB,18,1,2050,0,0
*04pvs*,Blaze Alexander,"2B,3B,SS",MIA,25,3,2040,0,0
*062pn*,David Sandlin,SP,ATH,24,1,2050,0,0
*06ien*,Dante Nori,CF,KC,20,1,2050,0,0
*04yi7*,Matt Allan,SP,TB,24,1,1st,0,0
*04pvl*,Michael Burrows,RP,MIL,25,3,2040,0,0
*0630h*,Mason Barnett,SP,DET,24,1,2050,0,0
*06gjv*,Nestor German,"SP,RP",HOU,23,2,2050,0,0
*061xq*,Miguel Ullola,SP,SD,22,1,2050,0,0
*06nub*,Khal Stephen,SP,WAS,22,1,2050,0,0
*06fwm*,Jonathon Long,1B,PIT,23,1,2050,0,0
*060g1*,Jake Gelof,3B,TEX,23,1,2050,0,0
*066nf*,Colin Houck,"3B,SS",TOR,20,1,2050,0,0
*06dq5*,Braylin Morel,RF,TEX,19,1,2050,0,0
*06434*,Jimmy Crooks,C,SF,23,1,2050,0,0
*06me7*,Anderson Brito,SP,SF,20,1,2050,0,0
*06f0p*,Cooper Ingle,C,SF,23,1,2050,0,0
*0657l*,Jack Perkins,SP,TB,25,1,2050,0,0
*05y7y*,Mikey Romero,SS,BOS,21,1,2050,0,0
*06ahu*,Sean Sullivan,SP,TOR,22,1,2050,0,0
*06kkb*,Boston Bateman,SP,TB,19,1,2050,0,0
*069zn*,Josh Knoth,SP,ATL,19,1,2050,0,0
*05jpu*,Daniel Susac,C,TOR,23,1,2050,0,0
*06awf*,Luis Merejo,1B,TB,18,1,2050,0,0
*05t9i*,Ben Kudrna,SP,ARI,22,1,2050,0,0
*05xzr*,Jedixson Paez,"SP,RP",LAA,21,1,2050,0,0
*068z1*,Pablo Guerrero,1B,SF,18,1,2050,0,0
*05ua8*,Cooper Kinney,2B,MIA,22,1,2050,0,0
*06cgg*,Billy Amick,3B,PIT,22,1,2050,0,0
*066m0*,Kohl Drake,SP,ATH,24,1,2050,0,0
*061zn*,Jansel Luis,"2B,3B,SS",PHI,20,1,2050,0,0
*06hey*,Owen Hall,SP,HOU,19,1,2050,0,0
*005m0*,David Robertson,RP,NYY,40,1,1st,0,0
*06kkk*,Walker Janek,C,CIN,22,1,2050,0,0
*06col*,Austin Overn,CF,CLE,21,1,1st,0,0
*02hlw*,Brandon Drury,"1B,2B,3B",SD,32,12,2025,0,0
*06qhg*,Maykel Coret,CF,BAL,17,1,2050,0,0
*05iyp*,Henry Baez,SP,KC,22,2,1st,0,0
*066m6*,Jeter Martinez,SP,CWS,19,2,2050,0,0
*061mj*,Jeral Perez,"2B,SS",ATL,20,1,2050,0,0
*052ht*,Wikelman Gonzalez,SP,CHC,23,1,2050,0,0
*067yf*,Dakota Jordan,CF,CLE,21,1,2050,0,0
*0512r*,Grant McCray,CF,CWS,24,3,2040,0,0
*05y46*,Billy Cook,"1B,CF,RF",HOU,26,1,1st,0,0
*04esc*,Keaton Winn,SP,ATH,27,5,2027,0,0
*060hm*,Cory Lewis,SP,SD,24,1,2050,0,0
*0689z*,Colton Ledbetter,"LF,CF,RF",CIN,23,1,2050,0,0
*06cn1*,Chen-Wei Lin,SP,SD,23,1,2050,0,0
*06ica*,Joswa Lugo,SS,TEX,18,1,2050,0,0
*04n0o*,Cole Wilcox,SP,ARI,25,1,2050,0,0
*06op3*,Wei-En Lin,SP,BAL,19,1,1st,0,0
*06hth*,Josh Adamczewski,SS,PIT,19,1,1st,0,0
*06f0z*,Charles McAdoo,3B,SD,23,1,2050,0,0
*045on*,Eguy Rosario,3B,PHI,25,4,2025,0,0
*03d75*,Spencer Turnbull,"SP,RP",CHC,32,4,1st,0,0
*05165*,Will Brennan,"LF,CF,RF",LAD,27,1,1st,0,0
*06hyt*,Adolfo Sanchez,CF,LAD,18,1,2050,0,0
*05jq9*,Cayden Wallace,3B,MIA,23,1,2050,0,0
*052kc*,Andry Lara,SP,SD,22,1,2050,0,0
*057p2*,Michel Otanez,RP,SF,27,3,2040,0,0
*06kke*,David Shields,SP,MIA,18,1,2050,0,0
*06cev*,Jhancarlos Lara,SP,LAD,22,2,2050,0,0
*05gsp*,Jud Fabian,"LF,CF",LAA,24,1,2050,0,0
*05gwu*,Dax Fulton,SP,CIN,23,1,2050,0,0
*05ita*,Cristian Mena,SP,SEA,22,1,1st,0,0
*05u6q*,Cam Schlittler,SP,STL,24,1,2050,0,0
*05uc4*,Troy Melton,SP,MIL,24,1,2050,0,0
*06mnp*,Rainiel Rodriguez,C,STL,18,1,2050,0,0
*05y7u*,Malcolm Moore,C,STL,21,1,2050,0,0
*06o8p*,Cobb Hightower,SS,LAA,20,1,2050,0,0
*05120*,Brandon Williamson,SP,LAD,27,1,1st,0,0
*066o8*,Jeremy Rodriguez,SS,BAL,18,1,2050,0,0
*05y3m*,Zander Mueth,SP,KC,19,1,2050,0,0
*06c1l*,Joe Whitman,SP,ARI,23,1,2050,0,0
*051c3*,Andrew Nardi,RP,ATL,26,1,1st,0,0
*066me*,Luis Guanipa,CF,CLE,19,1,2050,0,0
*05ych*,Yasser Mercedes,CF,CLE,20,1,2050,0,0
*06cn0*,Ramon Ramirez,C,LAD,19,1,2050,0,0
*06f1c*,Jack Wenninger,SP,MIA,23,1,1st,0,0
*05t9f*,Jay Allen,"LF,CF,RF",ARI,22,1,2050,0,0
*060yn*,Luis Lara,CF,CLE,20,1,2050,0,0
*06hf0*,Joey Oakie,SP,MIA,18,1,2050,0,0
*06qhe*,Diego Tornes,CF,CWS,16,1,2050,0,0
*06cql*,Kendall George,CF,NYY,20,1,2050,0,0
*06hwt*,Michael Forret,"SP,RP",NYY,21,1,2050,0,0
*06mff*,Justin Gonzales,1B,SF,18,1,2050,0,0
*06gjw*,Bishop Letson,SP,ATH,20,1,2050,0,0
*06ayq*,Manuel Rodriguez,SP,SF,19,1,1st,0,0
*06488*,Steven Zobac,SP,PIT,24,1,2050,0,0
*062ec*,Carson DeMartini,3B,STL,22,1,2050,0,0
*066dq*,Payton Martin,SP,TEX,20,1,2050,0,0
*066kw*,Chris Cortez,RP,WAS,22,1,2050,0,0
*06mnf*,Bryce Meccage,SP,MIN,19,1,2050,0,0
*05t2b*,Daylen Lile,"LF,CF",MIL,22,1,2050,0,0
*06mnl*,Wyatt Sanford,SS,BOS,19,1,2050,0,0
*06akw*,Asbel Gonzalez,CF,BAL,19,1,1st,0,0
*05u2p*,Jaxon Wiggins,SP,TB,23,1,2050,0,0
*06ahe*,Kemp Alderman,"LF,RF",TB,22,1,1st,0,0
*06f1h*,Alfonsin Rosario,CF,MIN,20,1,2050,0,0
*06kkg*,Kyle DeBarge,2B,ATH,21,1,2050,0,0
*05yim*,Jhonny Severino,"3B,SS",COL,20,1,2050,0,0
*06r5o*,Brailyn Antunez,CF,NYY,17,1,2050,0,0
*05gea*,Sem Robberse,SP,SD,23,1,2050,0,0
*06f18*,Lucas Braun,SP,LAD,23,1,2050,0,0
*05jql*,A.J. Vukovich,"LF,CF",COL,23,1,2050,0,0
*05uee*,Reggie Crawford,RP,TEX,24,1,2050,0,0
*05jr4*,Brandon Birdsell,SP,HOU,25,2,2050,0,0
*06guh*,Brandyn Garcia,SP,PIT,24,1,2050,0,0
*06hvy*,Carlson Reed,SP,WAS,22,1,2050,0,0
*06c3v*,Yeremi Cabrera,"CF,RF",KC,19,1,2050,0,0
*06j3h*,Cole Mathis,1B,SF,21,1,2050,0,0
*0662p*,Jun-Seok Shim,RP,ARI,21,1,2050,0,0
*05xoo*,Elmer Rodriguez-Cruz,SP,NYM,21,1,2050,0,0
*066t5*,Raimon Gomez,SP,TB,23,1,1st,0,0
*06am5*,Luinder Avila,SP,TOR,23,1,1st,0,0
*05tde*,Dominic Keegan,C,TEX,24,1,2050,0,0
*05w8l*,William Bergolla,"2B,SS",SEA,20,1,1st,0,0
*0511t*,Seth Johnson,SP,HOU,26,1,1st,0,0
*06mio*,David Davalillo,SP,SD,22,1,1st,0,0
*0648v*,Nathan Martorella,"1B,LF",SEA,24,1,2050,0,0
*06cq9*,Tyson Neighbors,RP,SEA,22,1,2050,0,0
*05ua3*,Walter Ford,SP,SD,20,1,2050,0,0
*060if*,Josh Kasevich,SS,COL,24,1,2050,0,0
*06o0f*,Eddie Rynders,3B,ATH,19,1,2050,0,0
*06nzs*,Conrad Cason,SS,SF,18,1,2050,0,0
*05jqw*,Tyler Gentry,RF,BOS,26,3,2040,0,0
*06kk8*,Dylan Dreiling,CF,LAD,22,1,2050,0,0
*06hua*,Bo Davidson,LF,SEA,22,1,2050,0,0
*05ylo*,Justice Bigbie,"LF,RF",BOS,26,1,2050,0,0
*06icz*,Carter Johnson,SS,CIN,19,1,2050,0,0
*06kkj*,Ryan Forcucci,SP,LAA,22,1,2050,0,0
*05y5l*,Franco Aleman,RP,ARI,24,2,2050,0,0
*05r96*,Victor Acosta,"2B,SS",ARI,20,1,2050,0,0
*06o03*,Daniel Eagen,SP,KC,22,1,1st,0,0
*03qm8*,JT Brubaker,SP,LAD,31,1,1st,0,0
*06kjz*,Chase Harlan,3B,ATH,18,1,2050,0,0
*062k7*,Griff OFerrall,SS,NYY,22,1,2050,0,0
*06cqb*,Carson McCusker,"LF,RF",HOU,26,1,1st,0,0
*063dm*,Cristofer Torin,"2B,SS",CLE,19,1,2050,0,0
*06jbn*,Humberto Cruz,SP,LAD,18,1,1st,0,0
*06ibu*,Luis Cova,CF,BAL,18,1,2050,0,0
*06mh4*,Edward Florentino,1B,MIA,18,1,1st,0,0
*05yfi*,Colton Gordon,SP,SEA,26,1,2050,0,0
*0638j*,Enmanuel Tejeda,3B,PHI,20,1,2050,0,0
*06dq2*,Landen Maroudis,SP,BAL,20,1,2050,0,0
*05rgq*,Kendry Rojas,SP,STL,22,1,2050,0,0
*06ibi*,Caleb Lomavita,C,ARI,22,1,2050,0,0
*060ig*,Drew Beam,SP,MIN,22,1,2050,0,0
*05uc1*,Chase Mobley,SP,NYM,18,1,2050,0,0
*062h4*,Carlos Lagrange,SP,WAS,21,1,2050,0,0
*04ni4*,Leo Jimenez,"2B,SS",CIN,23,1,1st,0,0
*06gjt*,Nelly Taylor,"LF,CF",SEA,22,1,1st,0,0
*06hyr*,Daiber De Los Santos,SS,TEX,18,1,2050,0,0
*06f0t*,Eriq Swan,SP,WAS,23,1,2050,0,0
*05r6f*,Rayne Doncon,"3B,SS",MIA,21,1,2050,0,0
*04aec*,Alex Faedo,"SP,RP",CIN,29,8,2025,0,0
*05toy*,Aaron Zavala,"LF,RF",TEX,24,1,2050,0,0
*06fzm*,Boston Baro,"3B,SS",NYM,20,1,2050,0,0
*061bn*,Austin Peterson,SP,SF,25,1,2050,0,0
*051e0*,Will Simpson,1B,NYM,23,1,2050,0,0
*0630k*,Blake Burkhalter,SP,TOR,24,1,2050,0,0
*066eq*,Mitch Jebb,"2B,SS",NYY,22,1,2050,0,0
*066az*,Adam Serwinowski,SP,DET,20,1,1st,0,0
*03et7*,Joey Meneses,1B,TEX,32,7,2025,0,0
*05y7r*,Jack Neely,RP,WAS,24,1,1st,0,0
*06200*,John Cruz,RF,CHC,19,1,2050,0,0
*061z7*,Keiner Delgado,"2B,SS",LAA,21,1,2050,0,0
*0515q*,Adam Macko,SP,MIL,24,2,2050,0,0
*06q32*,Tytus Cissell,SS,ATH,19,1,2050,0,0
*05gx0*,Nick Loftin,"1B,2B,3B,LF",MIL,26,1,1st,0,0
*064og*,Franyerber Montilla,"2B,SS",MIA,20,1,2050,0,0
*05u9l*,Brock Selvidge,SP,PHI,22,1,2050,0,0
*06fqq*,Owen Wild,SP,MIN,22,1,2050,0,0
*04y79*,Victor Mesa Jr.,"CF,RF",LAD,23,1,2050,0,0
*06s7q*,Liomar Martinez,SP,TB,19,1,2050,0,0
*06ekm*,Devin Saltiban,2B,PHI,20,1,2050,0,0
*0647m*,Michael Kennedy,SP,MIL,20,1,2050,0,0
*05wbq*,Damiano Palmegiani,"1B,3B",WAS,25,2,2050,0,0
*04b3a*,Roansy Contreras,"SP,RP",NYM,25,2,1st,0,0
*04ahd*,Yunior Severino,1B,CHC,25,1,2050,0,0
*05xou*,Cooper Bowman,"2B,CF",NYM,25,1,2050,0,0
*0648p*,Tyler Stuart,SP,NYM,25,1,2050,0,0
*06ckl*,Luis De Leon,"SP,RP",NYY,22,1,2050,0,0
*06aqk*,Garrett Baumann,SP,DET,20,1,2050,0,0
*06481*,Jacob Reimer,3B,MIL,21,1,1st,0,0
*06qng*,Tyson Hardin,"SP,RP",HOU,23,2,1st,0,0
*067xn*,Nazzan Zanetello,SS,NYY,19,1,2050,0,0
*06dn8*,Spencer Nivens,LF,TOR,23,1,2050,0,0
*04267*,Hunter Bishop,"LF,CF,RF",CIN,26,1,2050,0,0
*06cqx*,Steven Echavarria,SP,NYY,19,1,2050,0,0
*06578*,Mavis Graves,SP,BOS,21,1,2050,0,0
*05tdd*,Joe Rock,SP,COL,24,1,2050,0,0
*06f0k*,Rafael Flores,"C,1B",LAD,24,1,1st,0,0
*066ch*,Jake Miller,RP,HOU,23,1,2050,0,0
*0603l*,RJ Schreck,"LF,RF",MIN,24,1,2050,0,0
*06dmp*,Max Anderson,2B,NYY,23,1,2050,0,0
*05y3x*,Creed Willems,"C,1B",LAD,21,1,2050,0,0
*041se*,Abraham Toro,"1B,2B,3B",SF,28,1,1st,0,0
*05ww7*,Jean Cabrera,SP,LAD,23,1,2050,0,0
*05u38*,Peyton Pallette,"SP,RP",COL,23,1,2050,0,0
*06pqe*,Will Watson,SP,KC,22,1,1st,0,0
*05rcw*,Leonardo Bernal,C,CHC,21,1,2050,0,0
*065j0*,C.J. Culpepper,SP,ATH,23,1,2050,0,0
*06me6*,Jose Anderson,CF,LAD,18,1,2050,0,0
*06fzr*,Braxton Bragg,SP,COL,24,1,1st,0,0
*06q33*,Brendan Tunink,RF,BOS,19,1,2050,0,0
*06nug*,Nate Dohm,SP,DET,22,1,2050,0,0
*05ygt*,Yordany De Los Santos,SS,PHI,20,1,2050,0,0
*06mmx*,Juneiker Caceres,RF,MIA,17,1,2050,0,0
*06dvu*,Lisbel Diaz,"LF,RF",SF,19,1,2050,0,0
*06kk7*,Trey Gregory-Alford,SP,CHC,19,1,2050,0,0
*05jqk*,Carson Seymour,SP,DET,26,1,1st,0,0
*06qse*,Ayden Johnson,SS,LAD,17,1,1st,0,0
*05xu2*,Ryan Ritter,SS,STL,24,1,1st,0,0
*06ek8*,Dameury Pena,UT,CHC,19,1,2050,0,0
*051wu*,Victor Bericoto,"1B,RF",TEX,23,1,2050,0,0
*0630j*,Jack Brannigan,"3B,SS",WAS,24,1,2050,0,0
*05ydm*,Blake Larson,SP,DET,19,1,2050,0,0
*05y7q*,Chandler Champlain,SP,SEA,25,1,1st,0,0
*06ibw*,Angel Feliz,SS,DET,18,1,2050,0,0
*052h8*,Jesus Rodriguez,"C,3B",WAS,23,1,2050,0,0
*062yt*,Travis Honeyman,UT,COL,23,1,2050,0,0
*06428*,Alexander Albertus,3B,CWS,20,1,2050,0,0
*06qgp*,Joseph Sullivan,CF,SEA,22,1,1st,0,0
*04eud*,Shane Drohan,RP,SD,26,1,1st,0,0
*05y4w*,Mason Auer,RF,CIN,24,1,2050,0,0
*06n3o*,Johnny King,SP,MIA,18,1,2050,0,0
*05jpm*,Patrick Reilly,SP,ATH,23,1,2050,0,0
*06ciz*,Yassel Soler,3B,TOR,19,1,2050,0,0
*066k3*,Javier Vaz,2B,NYM,24,1,2050,0,0
*06kkc*,Ethan Schiefelbein,SP,CHC,19,1,2050,0,0
*05ucg*,Jonathan Mejia,2B,ARI,20,1,2050,0,0
*066b1*,Cameron Weston,"SP,RP",HOU,24,1,1st,0,0
*06iej*,Edgleen Perez,C,PHI,18,1,2050,0,0
*05yiv*,Teddy McGraw,SP,CIN,23,1,2050,0,0
*06pqm*,Cameron Sullivan,SP,LAD,19,1,2050,0,0
*06fut*,Matthew Etzel,"LF,CF,RF",COL,23,1,2050,0,0
*0630n*,Aron Estrada,"2B,SS",ATL,20,1,2050,0,0
*06fto*,Nehomar Ochoa,"LF,RF",MIN,19,1,2050,0,0
*05wb2*,Matt Koperniak,"LF,CF,RF",SD,27,1,2050,0,0
*06nua*,Emilien Pitre,2B,NYY,22,1,2050,0,0
*064ni*,Zack Showalter,RP,BOS,21,1,2050,0,0
*04n0p*,Zack Thompson,SP,MIA,27,7,2026,0,0
*06ew1*,Skylar Hales,RP,WAS,23,1,2050,0,0
*05aid*,Kenedy Corona,"CF,RF",TEX,25,1,2050,0,0
*05rb5*,Christian Franklin,"LF,CF,RF",ATH,25,1,1st,0,0
*06nuj*,Jackson Kent,SP,STL,22,1,1st,0,0
*04o4r*,Carlos De La Cruz,"LF,RF",TEX,25,1,2050,0,0
*05y6f*,Ben Cowles,"3B,SS",SF,25,1,1st,0,0
*05yb0*,T.J. Rumfield,1B,ATL,24,1,1st,0,0
*06ce9*,Aldrin Batista,SP,ARI,22,1,2050,0,0
*0569p*,Coleman Crow,SP,BAL,24,1,2050,0,0
*05vy9*,Pedro Ramirez,"2B,3B",MIL,21,1,2050,0,0
*06f1q*,Christian Oppor,SP,SEA,20,1,1st,0,0
*05yiq*,Leandro Arias,SS,CHC,20,1,2050,0,0
*06dlx*,Jackson Nezuh,"SP,RP",PIT,23,1,2050,0,0
*06ibs*,Leonardo Pineda,CF,BAL,18,1,2050,0,0
*066ms*,Angel Cepeda,"3B,SS",CHC,19,1,2050,0,0
*05ykx*,Frederick Bencosme,"2B,SS",SEA,22,1,2050,0,0
*066mf*,Filippo Di Turi,"2B,SS",LAA,19,1,1st,0,0
*06c2c*,Sheng-En Lin,3B,CHC,19,1,2050,0,0
*06oo7*,Sean Keys,3B,TOR,21,1,2050,0,0
*06ht3*,Jacob Bresnahan,SP,SEA,19,1,1st,0,0
*06f1j*,Caden Scarborough,RP,SEA,20,1,1st,0,0
*069xw*,Jose Urbina,SP,LAD,19,1,1st,0,0
*06pi0*,Eric Hartman,CF,ATL,18,1,1st,0,0
*06kwn*,Jose Rodriguez,"SP,RP",ARI,23,2,2050,0,0
*05r5f*,Diego Velasquez,SS,TEX,21,1,2050,0,0
*06ibr*,Ashly Andujar,SS,BAL,17,1,2050,0,0
*05gwx*,Petey Halpin,CF,CIN,22,1,2050,0,0
*04erh*,CJ Van Eyk,"SP,RP",CIN,26,1,2050,0,0
*06hu8*,Trent Harris,RP,WAS,26,1,2050,0,0
*05uvd*,Peter Heubeck,SP,TEX,22,1,2050,0,0
*05rbw*,Esmerlyn Valdez,"1B,RF",CWS,21,1,1st,0,0
*06oo3*,Josh Caron,C,LAD,21,1,2050,0,0
*0630b*,Trystan Vrieling,SP,PHI,24,1,2050,0,0
*06k7q*,Cole Messina,C,NYM,21,1,2050,0,0
*0622o*,Axiel Plaz,"C,1B",SEA,19,1,1st,0,0
*04mlh*,Ryan Rolison,RP,CIN,27,1,2050,0,0
*06nuf*,Brian Holiday,SP,BOS,21,1,2050,0,0
*06586*,Isaiah Lowe,SP,WAS,21,1,2050,0,0
*05rci*,Alex Mooney,"3B,SS",NYM,22,1,2050,0,0
*06pgn*,Josh Kross,1B,LAA,22,1,1st,0,0
*0512w*,Shane Sasaki,"LF,CF,RF",TEX,24,1,2050,0,0
*05yiu*,Antonio Anderson,"3B,SS",ATH,19,1,1st,0,0
*06o0e*,Marco Dinges,UT,WAS,21,1,1st,0,0
*03zbp*,Jose Fermin,"2B,3B",ATH,26,5,2035,0,0
*061z0*,Oswaldo Osorio,3B,CHC,20,1,2050,0,0
*05mlv*,Christian Little,RP,ATL,21,1,1st,0,0
*06437*,Ricardo Olivar,C,SD,23,1,2050,0,0
*06r9f*,Kenny Serwa,SP,CHC,27,1,1st,0,0
*06ice*,Edward Lantigua,CF,BAL,18,1,2050,0,0
*03zc9*,Nick Senzel,3B,CLE,29,1,1st,0,0
*04yi6*,Carlos Duran,SP,WAS,23,1,1st,0,0
*06hf1*,Ben Shields,"SP,RP",PHI,26,1,2050,0,0
*05yob*,Joseph Montalvo,SP,TOR,23,1,2050,0,0
*06jfp*,Jhonayker Ugarte,3B,WAS,18,1,2050,0,0
*04rzq*,Matthew Thompson,SP,CIN,24,1,2050,0,0
*06imz*,Alessandro Ercolani,"SP,RP",CWS,21,1,1st,0,0
*06f1p*,Ryan Birchard,SP,NYM,21,1,2050,0,0
*04xf0*,Rainer Nunez,3B,SEA,24,1,2050,0,0
*06drq*,Tavian Josenberger,2B,SD,23,1,2050,0,0
*06655*,Brody McCullough,SP,SEA,24,1,1st,0,0
*05m6e*,Omar Alfonzo,"C,1B",MIL,21,1,1st,0,0
*06585*,Ian Mejia,SP,NYM,25,1,2050,0,0
*06kyc*,Walter Pennington,RP,BOS,27,3,2040,0,0
*06hnb*,Casey Steward,SP,SEA,23,1,1st,0,0
*0512o*,Andrew Dalquist,SP,CIN,24,1,2050,0,0
*041m4*,Justin Dunn,SP,CIN,29,1,1st,0,0
*06o0l*,Fenwick Trimble,CF,BOS,22,1,2050,0,0
*0620s*,Gerelmi Maldonado,SP,SEA,21,1,1st,0,0
*062e7*,Keaton Anthony,1B,CIN,23,1,1st,0,0
*06mni*,Chris Levonas,SP,NYM,19,1,2050,0,0
*061mi*,Carson Coleman,RP,TEX,26,1,2050,0,0
*066je*,E.J. Exposito,"2B,SS",NYM,24,1,2050,0,0
*03adt*,James Kaprielian,SP,CIN,31,9,2026,0,0
*06m9q*,Ovis Portes,"SP,RP",WAS,20,1,1st,0,0
*0513s*,John Rave,"LF,CF,RF",CHC,27,1,2050,0,0
*05yc7*,Aaron Brown,"SP,RP",MIN,26,1,1st,0,0
*066rw*,Alberto Barriga,C,SEA,20,1,1st,0,0
*01fcp*,Casey Kelly,RP,MIN,35,1,1st,0,0
*06r8d*,Nomar Fana,"CF,RF",BOS,22,1,2050,0,0
*03qub*,Grant Wolfram,RP,TEX,28,1,2050,-0.83,-0.42
*01fha*,Kyle Gibson,SP,LAD,37,7,1st,-1.17,-0.58
*05166*,Nathan Wiles,"SP,RP",CHC,26,6,1st,-2,-2
*05taw*,Doug Nikhazy,SP,PHI,25,1,2050,-2.5,-2.5
*03mle*,Joe Mantiply,"SP,RP",SEA,34,4,1st,-2.83,-0.35
*05u2q*,Blade Tidwell,SP,PIT,23,1,2050,-3.17,-3.17
*051cl*,Joey Estes,SP,SD,23,3,2025,-4,-2
*05raz*,Chase Petty,SP,MIN,22,1,2050,-5.83,-5.83
